CHROM	POS	ID	REF	ALT	QUAL	FILTER	INFO	FORMAT	SM
chr1	97515839	rs1801159	T	C	560.64	.	PX=DPYD;AC=1;AF=0.5;AN=2;BaseQRankSum=0.31;DP=41;ExcessHet=3.0103;FS=4.763;MLEAC=1;MLEAF=0.5;MQ=60;MQRankSum=0;QD=14.38;ReadPosRankSum=-0.5075;SOR=1.456	GT:AD:DP:GQ:PL	0|1:21,18:39:99:568,0,679
chr7	99672916	rs776746	T	C	1807.06	.	PX=CYP3A5;AC=2;AF=1;AN=2;DP=53;ExcessHet=3.0103;FS=0;MLEAC=2;MLEAF=1;MQ=60;QD=34.75;SOR=0.77	GT:AD:DP:GQ:PL	1|1:0,52:52:99:1821,155,0
chr10	94842866	rs3758581	A	G	1478.06	.	PX=CYP2C19;AC=2;AF=1;AN=2;DP=48;ExcessHet=3.0103;FS=0;MLEAC=2;MLEAF=1;MQ=59.79;QD=32.13;SOR=1.464	GT:AD:DP:GQ:PL	1|1:0,46:46:99:1492,138,0
chr12	21176804	rs2306283	A	G	1829.06	.	PX=SLCO1B1;AC=2;AF=1;AN=2;DP=58;ExcessHet=3.0103;FS=0;MLEAC=2;MLEAF=1;MQ=60;QD=33.26;SOR=0.97	GT:AD:DP:GQ:PL	1|1:0,55:55:99:1843,165,0
chr12	21178615	rs4149056	T	C	1536.06	.	PX=SLCO1B1;AC=2;AF=1;AN=2;DP=50;ExcessHet=3.0103;FS=0;MLEAC=2;MLEAF=1;MQ=60;QD=32.68;SOR=0.735	GT:AD:DP:GQ:PL	1|1:0,47:47:99:1550,140,0
chr16	31096368	rs9923231	C	T	1626.06	.	PX=VKORC1;AC=2;AF=1;AN=2;DP=43;ExcessHet=3.0103;FS=0;MLEAC=2;MLEAF=1;MQ=60;QD=29.67;SOR=0.788	GT:AD:DP:GQ:PL	1|1:0,42:42:99:1640,126,0
chr19	15878920	rs4020346	T	C	56.64	.	PX=CYP4F2;AC=1;AF=0.5;AN=2;BaseQRankSum=2.27;DP=46;ExcessHet=3.0103;FS=18.621;MLEAC=1;MLEAF=0.5;MQ=54.61;MQRankSum=-4.706;QD=1.23;ReadPosRankSum=0.658;SOR=4.173	GT:AD:DP:GQ:PL	0/1:39,7:46:64:64,0,1151
chr19	38534726	rs4802584	C	G	839.64	.	PX=RYR1;AC=1;AF=0.5;AN=2;BaseQRankSum=2;DP=44;ExcessHet=3.0103;FS=11.484;MLEAC=1;MLEAF=0.5;MQ=60;MQRankSum=0;QD=19.53;ReadPosRankSum=1.16;SOR=1.492	GT:AD:DP:GQ:PL	1|0:18,25:43:99:847,0,540
chr22	42126611	rs1135840	C	G	314.64	.	PX=CYP2D6;AC=1;AF=0.5;AN=2;BaseQRankSum=-0.3716;DP=28;ExcessHet=3.0103;FS=3.687;MLEAC=1;MLEAF=0.5;MQ=56.93;MQRankSum=-0.9351;QD=12.1;ReadPosRankSum=-0.6244;SOR=1.609	GT:AD:DP:GQ:PL	0|1:15,11:26:99:322,0,472
chr22	42129130	rs1058164	C	G	577.64	.	PX=CYP2D6;AC=1;AF=0.5;AN=2;BaseQRankSum=0.733;DP=35;ExcessHet=3.0103;FS=1.485;MLEAC=1;MLEAF=0.5;MQ=51.9;MQRankSum=-1.094;QD=19.25;ReadPosRankSum=-0.8902;SOR=0.721	GT:AD:DP:GQ:PL	0|1:12,18:30:99:585,0,349
chr22	42130692	rs1065852	G	A	513.64	.	PX=CYP2D6;AC=1;AF=0.5;AN=2;BaseQRankSum=-0.3259;DP=41;ExcessHet=3.0103;FS=2.814;MLEAC=1;MLEAF=0.5;MQ=59.25;MQRankSum=-0.1482;QD=13.17;ReadPosRankSum=0.822;SOR=0.958	GT:AD:DP:GQ:PL	0|1:22,17:39:99:521,0,677
chrX	154534387	rs781865768	T	C	82.81	.	PX=G6PD;BaseQRankSum=1.09;DP=56;ExcessHet=0;MLEAC=.;MLEAF=.;MQ=59.79;MQRankSum=0;ReadPosRankSum=-0.3361	GT:DP:RGQ	0/0:43:46
