sample	drug	gatkscore	depth	readsratio	gene	diplotype	cHGVS	pHGVS	zyg	guide	effect	advice	suggest	ref_guide	drugid	rsID	location
E-S24444223360	丙戊酸	168.64	11,7	38.89	CYP2C9	*1/*2	c.430C>T	p.Arg144Cys	Het	剂量指导、不良反应预测	中间代谢型	降低剂量	肝毒性增加，建议降低剂量。	PharmGKB	32	rs1799853	chr10:94942290:C>T
E-S24444223360	氯沙坦	168.64	11,7	38.89	CYP2C9	*1/*2	c.430C>T	p.Arg144Cys	Het	剂量指导、不良反应预测	中间代谢型	增加剂量	适当增加用药剂量以增强降压疗效。	NMPA	83	rs1799853	chr10:94942290:C>T
E-S24444223360	塞来昔布	168.64	11,7	38.89	CYP2C9	*1/*2	c.430C>T	p.Arg144Cys	Het	不良反应预测	中间代谢型	降低剂量	使用最低有效剂量，在治疗过程中，监测不良事件，例如血压和肾功能。	CPIC	30	rs1799853	chr10:94942290:C>T
E-S24444223360	布洛芬	168.64	11,7	38.89	CYP2C9	*1/*2	c.430C>T	p.Arg144Cys	Het	不良反应预测	中间代谢型	降低剂量	使用最低有效剂量，在治疗过程中，监测不良事件，例如血压和肾功能。	CPIC	129	rs1799853	chr10:94942290:C>T
E-S24444223360	氟比洛芬	168.64	11,7	38.89	CYP2C9	*1/*2	c.430C>T	p.Arg144Cys	Het	不良反应预测	中间代谢型	降低剂量	使用最低有效剂量，在治疗过程中，监测不良事件，例如血压和肾功能。	CPIC	130	rs1799853	chr10:94942290:C>T
E-S24444223360	氯诺昔康	168.64	11,7	38.89	CYP2C9	*1/*2	c.430C>T	p.Arg144Cys	Het	不良反应预测	中间代谢型	降低剂量	使用最低有效剂量，在治疗过程中，监测不良事件，例如血压和肾功能。	CPIC	131	rs1799853	chr10:94942290:C>T
E-S24444223360	美洛昔康	168.64	11,7	38.89	CYP2C9	*1/*2	c.430C>T	p.Arg144Cys	Het	不良反应预测	中间代谢型	降低剂量或换药	以临床最低推荐起始剂量的50％开始治疗。在治疗过程中，监测不良反应事件，例如血压和肾功能；或者换药，选择一种不经CYP2C9代谢的药物。	CPIC	132	rs1799853	chr10:94942290:C>T
E-S24444223360	替诺昔康	168.64	11,7	38.89	CYP2C9	*1/*2	c.430C>T	p.Arg144Cys	Het	不良反应预测	中间代谢型	换药	换药，选择一种不经CYP2C9代谢或在体内不受CYP2C9遗传变异影响的药物，或选择经CYP2C9代谢但半衰期较短的非甾体类抗炎药。	CPIC	133	rs1799853	chr10:94942290:C>T
E-S24444223360	吡罗昔康	168.64	11,7	38.89	CYP2C9	*1/*2	c.430C>T	p.Arg144Cys	Het	不良反应预测	中间代谢型	换药	换药，选择一种不经CYP2C9代谢或在体内不受CYP2C9遗传变异影响的药物，或选择经CYP2C9代谢但半衰期较短的非甾体类抗炎药。	CPIC	128	rs1799853	chr10:94942290:C>T
E-S24444223360	辛伐他汀	.	.	.	SLCO1B1	.	.	.	.	不良反应预测	正常功能型	常规用药	常规用药，以临床推荐的标准起始剂量开始治疗。	CPIC	42	.	.
E-S24444223360	洛伐他汀	.	.	.	SLCO1B1	.	.	.	.	不良反应预测	正常功能型	常规用药	常规用药，以临床推荐的标准起始剂量开始治疗。	CPIC	41	.	.
E-S24444223360	匹伐他汀	.	.	.	SLCO1B1	.	.	.	.	不良反应预测	正常功能型	常规用药	常规用药，以临床推荐的标准起始剂量开始治疗。	CPIC	100	.	.
E-S24444223360	阿托伐他汀	.	.	.	SLCO1B1	.	.	.	.	不良反应预测	正常功能型	常规用药	常规用药，以临床推荐的标准起始剂量开始治疗。	CPIC	43	.	.
E-S24444223360	普伐他汀	.	.	.	SLCO1B1	.	.	.	.	不良反应预测	正常功能型	常规用药	常规用药，以临床推荐的标准起始剂量开始治疗。	CPIC	44	.	.
E-S24444223360	普伐他汀	.	.	.	APOE	.	.	.	.	预测疗效	.	常规用药	常规用药，以临床推荐的标准起始剂量开始治疗。	NMPA	44	.	.
E-S24444223360	瑞舒伐他汀	.	.	.	SLCO1B1	.	.	.	.	不良反应预测	正常功能型	常规用药	常规用药，以临床推荐的标准起始剂量开始治疗。	CPIC	139	.	.
E-S24444223360	瑞舒伐他汀	.	.	.	ABCG2	.	.	.	.	不良反应预测	正常功能型	常规用药	常规用药，以临床推荐的标准起始剂量开始治疗。	CPIC	139	.	.
E-S24444223360	氟伐他汀	.	.	.	SLCO1B1	.	.	.	.	不良反应预测	正常功能型	常规用药	常规用药，以临床推荐的标准起始剂量开始治疗。	CPIC	142	.	.
E-S24444223360	地氟烷	.	.	.	CACNA1S	.	.	.	.	不良反应预测	.	常规用药	常规用药，以临床推荐的标准起始剂量开始治疗。	CPIC	134	.	.
E-S24444223360	地氟烷	.	.	.	RYR1	.	.	.	.	不良反应预测	.	常规用药	常规用药，以临床推荐的标准起始剂量开始治疗。	CPIC	134	.	.
E-S24444223360	氟烷	.	.	.	CACNA1S	.	.	.	.	不良反应预测	.	常规用药	常规用药，以临床推荐的标准起始剂量开始治疗。	CPIC	138	.	.
E-S24444223360	氟烷	.	.	.	RYR1	.	.	.	.	不良反应预测	.	常规用药	常规用药，以临床推荐的标准起始剂量开始治疗。	CPIC	138	.	.
E-S24444223360	恩氟烷	.	.	.	CACNA1S	.	.	.	.	不良反应预测	.	常规用药	常规用药，以临床推荐的标准起始剂量开始治疗。	CPIC	135	.	.
E-S24444223360	恩氟烷	.	.	.	RYR1	.	.	.	.	不良反应预测	.	常规用药	常规用药，以临床推荐的标准起始剂量开始治疗。	CPIC	135	.	.
E-S24444223360	七氟烷	.	.	.	CACNA1S	.	.	.	.	不良反应预测	.	常规用药	常规用药，以临床推荐的标准起始剂量开始治疗。	CPIC	136	.	.
E-S24444223360	七氟烷	.	.	.	RYR1	.	.	.	.	不良反应预测	.	常规用药	常规用药，以临床推荐的标准起始剂量开始治疗。	CPIC	136	.	.
E-S24444223360	异氟烷	.	.	.	CACNA1S	.	.	.	.	不良反应预测	.	常规用药	常规用药，以临床推荐的标准起始剂量开始治疗。	CPIC	137	.	.
E-S24444223360	异氟烷	.	.	.	RYR1	.	.	.	.	不良反应预测	.	常规用药	常规用药，以临床推荐的标准起始剂量开始治疗。	CPIC	137	.	.
E-S24444223360	琥珀酰胆碱	.	.	.	CACNA1S	.	.	.	.	不良反应预测	.	常规用药	常规用药，以临床推荐的标准起始剂量开始治疗。	CPIC	76	.	.
E-S24444223360	琥珀酰胆碱	.	.	.	RYR1	.	.	.	.	不良反应预测	.	常规用药	常规用药，以临床推荐的标准起始剂量开始治疗。	CPIC	76	.	.
E-S24444223360	卡培他滨	.	.	.	DPYD	*1/*1	.	.	.	预测毒副作用	普遍代谢型	常规用药	常规用药，以临床推荐的标准起始剂量开始治疗。	CPIC	50	.	.
E-S24444223360	氟尿嘧啶	.	.	.	DPYD	*1/*1	.	.	.	预测毒副作用	普遍代谢型	常规用药	常规用药，以临床推荐的标准起始剂量开始治疗。	CPIC	51	.	.
E-S24444223360	卡马西平	.	.	.	HLA-B	*51:01/*51:01	.	.	Hom	不良反应预测	*15:02阴性	常规用药	常规用药，以临床推荐的标准起始剂量开始治疗。	CPIC	80	.	*51:01/*51:01
E-S24444223360	卡马西平	.	.	.	HLA-A	*02:01/*32:01	.	.	Het	不良反应预测	*31:01阴性	常规用药	常规用药，以临床推荐的标准起始剂量开始治疗。	CPIC	80	.	*02:01/*32:01
E-S24444223360	苯妥英	.	.	.	HLA-B	*51:01/*51:01	.	.	Hom	不良反应预测	*15:02阴性	常规用药	常规用药，以临床推荐的标准起始剂量开始治疗。	CPIC	31	.	*51:01/*51:01
E-S24444223360	阿巴卡韦	.	.	.	HLA-B	*51:01/*51:01	.	.	Hom	不良反应预测	*57:01阴性	常规用药	常规用药，以临床推荐的标准起始剂量开始治疗。	CPIC	92	.	*51:01/*51:01
E-S24444223360	别嘌呤醇	.	.	.	HLA-B	*51:01/*51:01	.	.	Hom	不良反应预测	*58:01阴性	常规用药	常规用药，以临床推荐的标准起始剂量开始治疗。	CPIC	98	.	*51:01/*51:01
E-S24444223360	奥卡西平	.	.	.	HLA-B	*51:01/*51:01	.	.	Hom	不良反应预测	*15:02阴性	常规用药	常规用药，以临床推荐的标准起始剂量开始治疗。	CPIC	140	.	*51:01/*51:01
E-S24444223360	阿米卡星	.	.	.	MT-RNR1	.	.	.	.	不良反应预测	.	常规用药	常规用药，以临床推荐的标准起始剂量开始治疗。	CPIC	96	.	.
E-S24444223360	链霉素	.	.	.	MT-RNR1	.	.	.	.	不良反应预测	.	常规用药	常规用药，以临床推荐的标准起始剂量开始治疗。	CPIC	93	.	.
E-S24444223360	庆大霉素	.	.	.	MT-RNR1	.	.	.	.	不良反应预测	.	常规用药	常规用药，以临床推荐的标准起始剂量开始治疗。	CPIC	94	.	.
E-S24444223360	卡那霉素	.	.	.	MT-RNR1	.	.	.	.	不良反应预测	.	常规用药	常规用药，以临床推荐的标准起始剂量开始治疗。	CPIC	95	.	.
E-S24444223360	伊立替康	260.6	14,9	39.13	UGT1A1	*1/*28	chr2:233760233:C>CAT	.	Het	预测毒副作用	中间代谢型	常规用药	常规用药，以临床推荐的标准起始剂量开始治疗。	DPWG, FDA	56	rs34983651	chr2:233760233:C>CAT
E-S24444223360	尼洛替尼	260.6	14,9	39.13	UGT1A1	*1/*28	chr2:233760233:C>CAT	.	Het	预测毒副作用	中间代谢型	常规用药	常规用药，以临床推荐的标准起始剂量开始治疗。	FDA	63	rs34983651	chr2:233760233:C>CAT
E-S24444223360	阿扎那韦	260.6	14,9	39.13	UGT1A1	*1/*28	chr2:233760233:C>CAT	.	Het	不良反应预测	中间代谢型	常规用药	常规用药，以临床推荐的标准起始剂量开始治疗。	CPIC	127	rs34983651	chr2:233760233:C>CAT
E-S24444223360	巯嘌呤	.	.	.	TPMT	*1/*1	.	.	.	预测毒副作用	普遍代谢型	常规用药	常规用药，以临床推荐的标准起始剂量开始治疗。	CPIC	53	.	.
E-S24444223360	巯嘌呤	.	.	.	NUDT15	*1/*1	.	.	.	预测毒副作用	普遍代谢型	常规用药	常规用药，以临床推荐的标准起始剂量开始治疗。	CPIC	53	.	.
E-S24444223360	硫鸟嘌呤	.	.	.	TPMT	*1/*1	.	.	.	预测毒副作用	普遍代谢型	常规用药	常规用药，以临床推荐的标准起始剂量开始治疗。	CPIC	54	.	.
E-S24444223360	硫鸟嘌呤	.	.	.	NUDT15	*1/*1	.	.	.	预测毒副作用	普遍代谢型	常规用药	常规用药，以临床推荐的标准起始剂量开始治疗。	CPIC	54	.	.
E-S24444223360	硫唑嘌呤	.	.	.	TPMT	*1/*1	.	.	.	预测毒副作用	普遍代谢型	常规用药	常规用药，以临床推荐的标准起始剂量开始治疗。	CPIC	55	.	.
E-S24444223360	硫唑嘌呤	.	.	.	NUDT15	*1/*1	.	.	.	预测毒副作用	普遍代谢型	常规用药	常规用药，以临床推荐的标准起始剂量开始治疗。	CPIC	55	.	.
E-S24444223360	氨苯砜	.	.	.	G6PD	.	.	.	.	预测毒副作用	.	常规用药	常规用药，以临床推荐的标准起始剂量开始治疗。	FDA	48	.	.
E-S24444223360	氯喹	.	.	.	G6PD	.	.	.	.	预测毒副作用	.	常规用药	常规用药，以临床推荐的标准起始剂量开始治疗。	FDA	49	.	.
E-S24444223360	拉布立酶	.	.	.	G6PD	.	.	.	.	预测毒副作用	.	常规用药	常规用药，以临床推荐的标准起始剂量开始治疗。	FDA, CPIC	59	.	.
E-S24444223360	奎宁	.	.	.	G6PD	.	.	.	.	预测毒副作用	.	常规用药	常规用药，以临床推荐的标准起始剂量开始治疗。	FDA	118	.	.
E-S24444223360	伯氨喹	.	.	.	G6PD	.	.	.	.	预测毒副作用	.	常规用药	常规用药，以临床推荐的标准起始剂量开始治疗。	FDA	119	.	.
E-S24444223360	磺胺甲恶唑	.	.	.	G6PD	.	.	.	.	预测毒副作用	.	常规用药	常规用药，以临床推荐的标准起始剂量开始治疗。	FDA	122	.	.
E-S24444223360	磺胺异恶唑	.	.	.	G6PD	.	.	.	.	预测毒副作用	.	常规用药	常规用药，以临床推荐的标准起始剂量开始治疗。	FDA	121	.	.
E-S24444223360	磺胺嘧啶	.	.	.	G6PD	.	.	.	.	预测毒副作用	.	常规用药	常规用药，以临床推荐的标准起始剂量开始治疗。	FDA	120	.	.
E-S24444223360	柳氮磺吡啶	.	.	.	G6PD	.	.	.	.	预测毒副作用	.	常规用药	常规用药，以临床推荐的标准起始剂量开始治疗。	FDA	123	.	.
E-S24444223360	磺胺米隆	.	.	.	G6PD	.	.	.	.	预测毒副作用	.	常规用药	常规用药，以临床推荐的标准起始剂量开始治疗。	FDA	107	.	.
E-S24444223360	复方新诺明	.	.	.	G6PD	.	.	.	.	预测毒副作用	.	常规用药	常规用药，以临床推荐的标准起始剂量开始治疗。	FDA	124	.	.
E-S24444223360	呋喃妥因	.	.	.	G6PD	.	.	.	.	预测毒副作用	.	常规用药	常规用药，以临床推荐的标准起始剂量开始治疗。	FDA	108	.	.
E-S24444223360	呋喃唑酮	.	.	.	G6PD	.	.	.	.	预测毒副作用	.	常规用药	常规用药，以临床推荐的标准起始剂量开始治疗。	PharmGKB	109	.	.
E-S24444223360	呋喃西林	.	.	.	G6PD	.	.	.	.	预测毒副作用	.	常规用药	常规用药，以临床推荐的标准起始剂量开始治疗。	PharmGKB	110	.	.
E-S24444223360	萘啶酮酸	.	.	.	G6PD	.	.	.	.	预测毒副作用	.	常规用药	常规用药，以临床推荐的标准起始剂量开始治疗。	FDA	106	.	.
E-S24444223360	氯磺丙脲	.	.	.	G6PD	.	.	.	.	预测毒副作用	.	常规用药	常规用药，以临床推荐的标准起始剂量开始治疗。	FDA	102	.	.
E-S24444223360	格列本脲	.	.	.	G6PD	.	.	.	.	预测毒副作用	.	常规用药	常规用药，以临床推荐的标准起始剂量开始治疗。	FDA	104	.	.
E-S24444223360	格列美脲	.	.	.	G6PD	.	.	.	.	预测毒副作用	.	常规用药	常规用药，以临床推荐的标准起始剂量开始治疗。	FDA	105	.	.
E-S24444223360	格列吡嗪	.	.	.	G6PD	.	.	.	.	预测毒副作用	.	常规用药	常规用药，以临床推荐的标准起始剂量开始治疗。	FDA	103	.	.
E-S24444223360	丙磺舒	.	.	.	G6PD	.	.	.	.	预测毒副作用	.	常规用药	常规用药，以临床推荐的标准起始剂量开始治疗。	FDA	125	.	.
E-S24444223360	利多卡因	.	.	.	G6PD	.	.	.	.	预测毒副作用	.	常规用药	常规用药，以临床推荐的标准起始剂量开始治疗。	FDA	111	.	.
E-S24444223360	丙胺卡因	.	.	.	G6PD	.	.	.	.	预测毒副作用	.	常规用药	常规用药，以临床推荐的标准起始剂量开始治疗。	FDA	112	.	.
E-S24444223360	他克莫司	533.06	0,18	100.00	CYP3A5	*3/*3	c.219-237A>G	.	Hom	不良反应预测、剂量指导	弱代谢型	常规用药	常规用药，以临床推荐的标准起始剂量开始治疗。	CPIC	64	rs776746	chr7:99672916:T>C
E-S24444223360	华法林	168.64	11,7	38.89	CYP2C9	*1/*2	c.430C>T	p.Arg144Cys	Het	不良反应预测、剂量指导	中间代谢型	降低剂量	不良反应风险增加，降低剂量，需要更加频繁监测国际标准化比值(INR)。	CPIC	33	rs1799853	chr10:94942290:C>T
E-S24444223360	华法林	.	.	.	VKORC1	.	.	.	.	不良反应预测、剂量指导	.	常规用药	常规用药，以临床推荐的标准起始剂量开始治疗。	CPIC	33	.	.
E-S24444223360	华法林	.	.	.	CYP4F2	.	.	.	.	不良反应预测、剂量指导	普遍代谢型	常规用药	常规用药，以临床推荐的标准起始剂量开始治疗。	CPIC	33	.	.
E-S24444223360	异烟肼	208.64,346.64	8,8;19,14	50.00,42.42	NAT2	*6/*7	c.590G>A,c.857G>A	p.Arg197Gln,p.Gly286Glu	Het,Het	预测毒副作用	弱代谢型	降低剂量	不良反应风险增加，建议降低剂量。	NMPA	47	rs1799930,rs1799931	chr8:18400593:G>A,chr8:18400860:G>A
E-S24444223360	吡嗪酰胺	208.64,346.64	8,8;19,14	50.00,42.42	NAT2	*6/*7	c.590G>A,c.857G>A	p.Arg197Gln,p.Gly286Glu	Het,Het	预测毒副作用	弱代谢型	降低剂量	不良反应风险增加，建议降低剂量。	NMPA	86	rs1799930,rs1799931	chr8:18400593:G>A,chr8:18400860:G>A
E-S24444223360	利福平	208.64,346.64	8,8;19,14	50.00,42.42	NAT2	*6/*7	c.590G>A,c.857G>A	p.Arg197Gln,p.Gly286Glu	Het,Het	预测毒副作用	弱代谢型	降低剂量	不良反应风险增加，建议降低剂量。	NMPA	87	rs1799930,rs1799931	chr8:18400593:G>A,chr8:18400860:G>A
E-S24444223360	普鲁卡因胺	208.64,346.64	8,8;19,14	50.00,42.42	NAT2	*6/*7	c.590G>A,c.857G>A	p.Arg197Gln,p.Gly286Glu	Het,Het	预测毒副作用	弱代谢型	降低剂量	不良反应风险增加，建议降低剂量。	NMPA	84	rs1799930,rs1799931	chr8:18400593:G>A,chr8:18400860:G>A
E-S24444223360	肼苯哒嗪	208.64,346.64	8,8;19,14	50.00,42.42	NAT2	*6/*7	c.590G>A,c.857G>A	p.Arg197Gln,p.Gly286Glu	Het,Het	预测毒副作用	弱代谢型	降低剂量	不良反应风险增加，建议降低剂量。	FDA	45	rs1799930,rs1799931	chr8:18400593:G>A,chr8:18400860:G>A
E-S24444223360	对氨基苯甲酸	.	.	.	NAT1	*4/*4	.	.	.	不良反应预测、剂量指导	普遍代谢型	常规用药	常规用药，以临床推荐的标准起始剂量开始治疗。	NMPA	99	.	.
E-S24444223360	对氨基水杨酸	.	.	.	NAT1	*4/*4	.	.	.	不良反应预测、剂量指导	普遍代谢型	常规用药	常规用药，以临床推荐的标准起始剂量开始治疗。	NMPA	88	.	.
E-S24444223360	西酞普兰	.	.	.	CYP2C19	*1/*1	.	.	.	预测疗效、不良反应预测	普遍代谢型	常规用药	常规用药，以临床推荐的标准起始剂量开始治疗。	CPIC	26	.	.
E-S24444223360	兰索拉唑	.	.	.	CYP2C19	*1/*1	.	.	.	预测疗效、不良反应预测	普遍代谢型	常规用药	按照标准起始剂量用药，并监测疗效，如需优化疗效，可增加0.5~1倍剂量。	CPIC	66	.	.
E-S24444223360	奥美拉唑	.	.	.	CYP2C19	*1/*1	.	.	.	预测疗效、不良反应预测	普遍代谢型	常规用药	按照标准起始剂量用药，并监测疗效，如需优化疗效，可增加0.5~1倍剂量。	CPIC	68	.	.
E-S24444223360	泮托拉唑	.	.	.	CYP2C19	*1/*1	.	.	.	预测疗效、不良反应预测	普遍代谢型	常规用药	按照标准起始剂量用药，并监测疗效，如需优化疗效，可增加0.5~1倍剂量。	CPIC	69	.	.
E-S24444223360	伏立康唑	.	.	.	CYP2C19	*1/*1	.	.	.	预测疗效、不良反应预测	普遍代谢型	常规用药	常规用药，以临床推荐的标准起始剂量开始治疗。	CPIC	46	.	.
E-S24444223360	舍曲林	.	.	.	CYP2C19	*1/*1	.	.	.	预测疗效、不良反应预测	普遍代谢型	常规用药	常规用药，以临床推荐的标准起始剂量开始治疗。	CPIC	117	.	.
E-S24444223360	氯吡格雷	.	.	.	CYP2C19	*1/*1	.	.	.	预测疗效、不良反应预测	普遍代谢型	常规用药	常规用药，以临床推荐的标准起始剂量开始治疗。	CPIC	39	.	.
E-S24444223360	艾司西酞普兰	.	.	.	CYP2C19	*1/*1	.	.	.	预测疗效、不良反应预测	普遍代谢型	常规用药	常规用药，以临床推荐的标准起始剂量开始治疗。	CPIC	116	.	.
E-S24444223360	氯米帕明	.	.	.	CYP2C19	*1/*1	.	.	.	预测疗效、不良反应预测	普遍代谢型	常规用药	常规用药，以临床推荐的标准起始剂量开始治疗。	CPIC	14	.	.
E-S24444223360	氯米帕明	243.64,567.64	6,9;12,21	60.00,63.64	CYP2D6	*10/*4	c.506-1G>A,c.100C>T	.,p.Pro34Ser	Het,Het	预测疗效、不良反应预测	中间代谢型	降低剂量	不良反应风险增加，考虑以推荐的起始剂量减少 25%开始治疗。	CPIC	14	rs3892097,rs1065852	chr22:42128945:C>T,chr22:42130692:G>A
E-S24444223360	多塞平	.	.	.	CYP2C19	*1/*1	.	.	.	预测疗效、不良反应预测	普遍代谢型	常规用药	常规用药，以临床推荐的标准起始剂量开始治疗。	CPIC	2	.	.
E-S24444223360	多塞平	243.64,567.64	6,9;12,21	60.00,63.64	CYP2D6	*10/*4	c.506-1G>A,c.100C>T	.,p.Pro34Ser	Het,Het	预测疗效、不良反应预测	中间代谢型	降低剂量	不良反应风险增加，考虑以推荐的起始剂量减少 25%开始治疗。	CPIC	2	rs3892097,rs1065852	chr22:42128945:C>T,chr22:42130692:G>A
E-S24444223360	曲米帕明	.	.	.	CYP2C19	*1/*1	.	.	.	预测疗效、不良反应预测	普遍代谢型	常规用药	常规用药，以临床推荐的标准起始剂量开始治疗。	CPIC	21	.	.
E-S24444223360	曲米帕明	243.64,567.64	6,9;12,21	60.00,63.64	CYP2D6	*10/*4	c.506-1G>A,c.100C>T	.,p.Pro34Ser	Het,Het	预测疗效、不良反应预测	中间代谢型	降低剂量	不良反应风险增加，考虑以推荐的起始剂量减少 25%开始治疗。	CPIC	21	rs3892097,rs1065852	chr22:42128945:C>T,chr22:42130692:G>A
E-S24444223360	丙咪嗪	.	.	.	CYP2C19	*1/*1	.	.	.	预测疗效、不良反应预测	普遍代谢型	常规用药	常规用药，以临床推荐的标准起始剂量开始治疗。	CPIC	25	.	.
E-S24444223360	阿米替林	.	.	.	CYP2C19	*1/*1	.	.	.	预测疗效、不良反应预测	普遍代谢型	常规用药	常规用药，以临床推荐的标准起始剂量开始治疗。	CPIC	24	.	.
E-S24444223360	阿米替林	243.64,567.64	6,9;12,21	60.00,63.64	CYP2D6	*10/*4	c.506-1G>A,c.100C>T	.,p.Pro34Ser	Het,Het	预测疗效、不良反应预测	中间代谢型	降低剂量	不良反应风险增加，考虑以推荐的起始剂量减少 25%开始治疗。	CPIC	24	rs3892097,rs1065852	chr22:42128945:C>T,chr22:42130692:G>A
E-S24444223360	托莫西汀	243.64,567.64	6,9;12,21	60.00,63.64	CYP2D6	*10/*4	c.506-1G>A,c.100C>T	.,p.Pro34Ser	Het,Het	预测疗效、不良反应预测	中间代谢型	常规用药	常规用药，以临床推荐的标准起始剂量开始治疗。	CPIC	12	rs3892097,rs1065852	chr22:42128945:C>T,chr22:42130692:G>A
E-S24444223360	可待因	243.64,567.64	6,9;12,21	60.00,63.64	CYP2D6	*10/*4	c.506-1G>A,c.100C>T	.,p.Pro34Ser	Het,Het	预测疗效、不良反应预测	中间代谢型	常规用药	根据年龄和体重参考标准剂量用药。	CPIC	6	rs3892097,rs1065852	chr22:42128945:C>T,chr22:42130692:G>A
E-S24444223360	去甲替林	243.64,567.64	6,9;12,21	60.00,63.64	CYP2D6	*10/*4	c.506-1G>A,c.100C>T	.,p.Pro34Ser	Het,Het	预测疗效、不良反应预测	中间代谢型	降低剂量	不良反应风险增加，考虑将推荐的起始剂量减少 25%开始治疗，并通过监测疗效指导药物剂量调整。	CPIC	13	rs3892097,rs1065852	chr22:42128945:C>T,chr22:42130692:G>A
E-S24444223360	昂丹司琼	243.64,567.64	6,9;12,21	60.00,63.64	CYP2D6	*10/*4	c.506-1G>A,c.100C>T	.,p.Pro34Ser	Het,Het	预测疗效、不良反应预测	中间代谢型	常规用药	常规用药，以临床推荐的标准起始剂量开始治疗。	CPIC	97	rs3892097,rs1065852	chr22:42128945:C>T,chr22:42130692:G>A
E-S24444223360	帕罗西汀	243.64,567.64	6,9;12,21	60.00,63.64	CYP2D6	*10/*4	c.506-1G>A,c.100C>T	.,p.Pro34Ser	Het,Het	预测疗效、不良反应预测	中间代谢型	常规用药	常规用药，以临床推荐的标准起始剂量开始治疗。	CPIC	17	rs3892097,rs1065852	chr22:42128945:C>T,chr22:42130692:G>A
E-S24444223360	他莫昔芬	243.64,567.64	6,9;12,21	60.00,63.64	CYP2D6	*10/*4	c.506-1G>A,c.100C>T	.,p.Pro34Ser	Het,Het	预测疗效、不良反应预测	中间代谢型	换药	避免和CYP2D6抑制剂药物同时使用	CPIC	79	rs3892097,rs1065852	chr22:42128945:C>T,chr22:42130692:G>A
E-S24444223360	曲马多	243.64,567.64	6,9;12,21	60.00,63.64	CYP2D6	*10/*4	c.506-1G>A,c.100C>T	.,p.Pro34Ser	Het,Het	预测疗效、不良反应预测	中间代谢型	常规用药	根据年龄和体重参考标准剂量用药。	CPIC	7	rs3892097,rs1065852	chr22:42128945:C>T,chr22:42130692:G>A
E-S24444223360	地昔帕明	243.64,567.64	6,9;12,21	60.00,63.64	CYP2D6	*10/*4	c.506-1G>A,c.100C>T	.,p.Pro34Ser	Het,Het	预测疗效、不良反应预测	中间代谢型	降低剂量	不良反应风险增加，考虑将推荐的起始剂量减少 25%开始治疗。	CPIC	15	rs3892097,rs1065852	chr22:42128945:C>T,chr22:42130692:G>A
E-S24444223360	氟伏沙明	243.64,567.64	6,9;12,21	60.00,63.64	CYP2D6	*10/*4	c.506-1G>A,c.100C>T	.,p.Pro34Ser	Het,Het	预测疗效、不良反应预测	中间代谢型	常规用药	常规用药，以临床推荐的标准起始剂量开始治疗。	CPIC	16	rs3892097,rs1065852	chr22:42128945:C>T,chr22:42130692:G>A
E-S24444223360	硝酸甘油	.	.	.	ALDH2	.	.	.	.	预测疗效	普遍代谢型	常规用药	常规用药，以临床推荐的标准起始剂量开始治疗。	NMPA	85	.	.
E-S24444223360	奥匹哌醇	243.64,567.64	6,9;12,21	60.00,63.64	CYP2D6	*10/*4	c.506-1G>A,c.100C>T	.,p.Pro34Ser	Het,Het	剂量指导	中间代谢型	降低剂量	不良反应风险增加，建议降低剂量。	NMPA	81	rs3892097,rs1065852	chr22:42128945:C>T,chr22:42130692:G>A
E-S24444223360	马普替林	243.64,567.64	6,9;12,21	60.00,63.64	CYP2D6	*10/*4	c.506-1G>A,c.100C>T	.,p.Pro34Ser	Het,Het	剂量指导	中间代谢型	降低剂量	不良反应风险增加，建议降低剂量。	NMPA	82	rs3892097,rs1065852	chr22:42128945:C>T,chr22:42130692:G>A
E-S24444223360	琥珀酰胆碱	287.64	13,11	45.83	BCHE	GT(rs28933390)	c.1253G>T	p.Gly418Val	Het	不良反应预测	中间代谢型	降低剂量或换药	导致窒息、术后呼吸抑制延长等风险增加，降低剂量或换药。	FDA	76	rs28933390	chr3:165829781:C>A
E-S24444223360	米库氯铵	287.64	13,11	45.83	BCHE	GT(rs28933390)	c.1253G>T	p.Gly418Val	Het	不良反应预测	中间代谢型	降低剂量或换药	导致窒息、术后呼吸抑制延长等风险增加，降低剂量或换药。	FDA	77	rs28933390	chr3:165829781:C>A
E-S24444223360	阿立哌唑	243.64,567.64	6,9;12,21	60.00,63.64	CYP2D6	*10/*4	c.506-1G>A,c.100C>T	.,p.Pro34Ser	Het,Het	不良反应预测	中间代谢型	常规用药	常规用药，以临床推荐的标准起始剂量开始治疗。	DPWG, FDA	10	rs3892097,rs1065852	chr22:42128945:C>T,chr22:42130692:G>A
E-S24444223360	安定/地西泮	.	.	.	CYP2C19	*1/*1	.	.	.	预测疗效、不良反应预测	普遍代谢型	常规用药	常规用药，以临床推荐的标准起始剂量开始治疗。	NMPA, FDA	29	.	.
E-S24444223360	醋硝香豆素	.	.	.	VKORC1	.	.	.	.	不良反应预测、剂量指导	.	常规用药	常规用药，以临床推荐的标准起始剂量开始治疗。	DPWG	34	.	.
E-S24444223360	丁苯那嗪	243.64,567.64	6,9;12,21	60.00,63.64	CYP2D6	*10/*4	c.506-1G>A,c.100C>T	.,p.Pro34Ser	Het,Het	剂量指导	中间代谢型	降低剂量	不良反应风险增加，建议降低剂量。	FDA	22	rs3892097,rs1065852	chr22:42128945:C>T,chr22:42130692:G>A
E-S24444223360	氟哌啶醇	243.64,567.64	6,9;12,21	60.00,63.64	CYP2D6	*10/*4	c.506-1G>A,c.100C>T	.,p.Pro34Ser	Het,Het	剂量指导	中间代谢型	常规用药	常规用药，以临床推荐的标准起始剂量开始治疗。	DPWG	115	rs3892097,rs1065852	chr22:42128945:C>T,chr22:42130692:G>A
E-S24444223360	口服避孕药	.	.	.	F2	.	.	.	.	不良反应预测	.	不适用于男性	不适用于男性	FDA	78	.	.
E-S24444223360	口服避孕药	.	.	.	F5	.	.	.	.	不良反应预测	.	不适用于男性	不适用于男性	FDA	78	.	.
E-S24444223360	加兰他敏	243.64,567.64	6,9;12,21	60.00,63.64	CYP2D6	*10/*4	c.506-1G>A,c.100C>T	.,p.Pro34Ser	Het,Het	剂量指导	中间代谢型	常规用药	常规用药，以临床推荐的标准起始剂量开始治疗。	FDA	9	rs3892097,rs1065852	chr22:42128945:C>T,chr22:42130692:G>A
E-S24444223360	利培酮	243.64,567.64	6,9;12,21	60.00,63.64	CYP2D6	*10/*4	c.506-1G>A,c.100C>T	.,p.Pro34Ser	Het,Het	剂量指导	中间代谢型	常规用药	常规用药，以临床推荐的标准起始剂量开始治疗。	DPWG	5	rs3892097,rs1065852	chr22:42128945:C>T,chr22:42130692:G>A
E-S24444223360	硫利达嗪	243.64,567.64	6,9;12,21	60.00,63.64	CYP2D6	*10/*4	c.506-1G>A,c.100C>T	.,p.Pro34Ser	Het,Het	不良反应预测，剂量指导	中间代谢型	常规用药	常规用药，以临床推荐的标准起始剂量开始治疗。	FDA	20	rs3892097,rs1065852	chr22:42128945:C>T,chr22:42130692:G>A
E-S24444223360	替加氟	.	.	.	DPYD	*1/*1	.	.	.	预测毒副作用	普遍代谢型	常规用药	常规用药，以临床推荐的标准起始剂量开始治疗。	DPWG	52	.	.
E-S24444223360	美托洛尔	243.64,567.64	6,9;12,21	60.00,63.64	CYP2D6	*10/*4	c.506-1G>A,c.100C>T	.,p.Pro34Ser	Het,Het	不良反应预测，剂量指导	中间代谢型	降低剂量	推荐按照标准剂量的50%作为起始剂量开始治疗。	DPWG	38	rs3892097,rs1065852	chr22:42128945:C>T,chr22:42130692:G>A
E-S24444223360	普罗帕酮	243.64,567.64	6,9;12,21	60.00,63.64	CYP2D6	*10/*4	c.506-1G>A,c.100C>T	.,p.Pro34Ser	Het,Het	不良反应预测，剂量指导	中间代谢型	降低剂量或换药	不良反应风险增加，降低剂量，监测治疗效果或更换为不经CYP2D6代谢的药物。	DPWG	35	rs3892097,rs1065852	chr22:42128945:C>T,chr22:42130692:G>A
E-S24444223360	普罗替林	243.64,567.64	6,9;12,21	60.00,63.64	CYP2D6	*10/*4	c.506-1G>A,c.100C>T	.,p.Pro34Ser	Het,Het	不良反应预测，剂量指导	中间代谢型	降低剂量	不良反应风险增加，降低剂量。	FDA	19	rs3892097,rs1065852	chr22:42128945:C>T,chr22:42130692:G>A
E-S24444223360	匹莫齐特	243.64,567.64	6,9;12,21	60.00,63.64	CYP2D6	*10/*4	c.506-1G>A,c.100C>T	.,p.Pro34Ser	Het,Het	不良反应预测，剂量指导	中间代谢型	降低剂量	不良反应风险增加，降低剂量，建议最大剂量不超过标准剂量的 80%。	DPWG	18	rs3892097,rs1065852	chr22:42128945:C>T,chr22:42130692:G>A
E-S24444223360	顺铂	.	.	.	TPMT	*1/*1	.	.	.	预测毒副作用	普遍代谢型	常规用药	常规用药，以临床推荐的标准起始剂量开始治疗。	FDA	58	.	.
E-S24444223360	托特罗定	243.64,567.64	6,9;12,21	60.00,63.64	CYP2D6	*10/*4	c.506-1G>A,c.100C>T	.,p.Pro34Ser	Het,Het	不良反应预测，剂量指导	中间代谢型	常规用药	常规用药，以临床推荐的标准起始剂量开始治疗。	FDA	75	rs3892097,rs1065852	chr22:42128945:C>T,chr22:42130692:G>A
E-S24444223360	文拉法辛	243.64,567.64	6,9;12,21	60.00,63.64	CYP2D6	*10/*4	c.506-1G>A,c.100C>T	.,p.Pro34Ser	Het,Het	不良反应预测，剂量指导	中间代谢型	降低剂量或换药	不良反应风险增加，如必需使用该药，应降低剂量并监测不良反应和疗效；也可选择更换为不经过CYP2D6代谢的药物。	DPWG	23	rs3892097,rs1065852	chr22:42128945:C>T,chr22:42130692:G>A
E-S24444223360	右美沙芬	243.64,567.64	6,9;12,21	60.00,63.64	CYP2D6	*10/*4	c.506-1G>A,c.100C>T	.,p.Pro34Ser	Het,Het	不良反应预测	中间代谢型	降低剂量	不良反应风险增加，降低剂量，与CYP2D6强抑制剂药物联合使用时，需要注意。	FDA	8	rs3892097,rs1065852	chr22:42128945:C>T,chr22:42130692:G>A
E-S24444223360	伊潘立酮	243.64,567.64	6,9;12,21	60.00,63.64	CYP2D6	*10/*4	c.506-1G>A,c.100C>T	.,p.Pro34Ser	Het,Het	不良反应预测	中间代谢型	常规用药	常规用药，以临床推荐的标准起始剂量开始治疗。	FDA	11	rs3892097,rs1065852	chr22:42128945:C>T,chr22:42130692:G>A
E-S24444223360	西维美林	243.64,567.64	6,9;12,21	60.00,63.64	CYP2D6	*10/*4	c.506-1G>A,c.100C>T	.,p.Pro34Ser	Het,Het	不良反应预测	中间代谢型	降低剂量	不良反应风险增加，建议降低剂量。	FDA	71	rs3892097,rs1065852	chr22:42128945:C>T,chr22:42130692:G>A
E-S24444223360	巴龙霉素	.	.	.	MT-RNR1	.	.	.	.	不良反应预测	.	常规用药	常规用药，以临床推荐的标准起始剂量开始治疗。	CPIC	141	.	.
E-S24444223360	妥布霉素	.	.	.	MT-RNR1	.	.	.	.	不良反应预测	.	常规用药	常规用药，以临床推荐的标准起始剂量开始治疗。	CPIC	144	.	.
E-S24444223360	依非韦伦	.	.	.	CYP2B6	*1/*1	.	.	.	剂量调整	普遍代谢型	常规用药	常规用药，以标准剂量600 毫克/天开始治疗。	CPIC	145	.	.
E-S24444223360	聚乙二醇干扰素alfa-2a	69.64	14,5	26.32	IFNL3	GA(rs12979860)	c.151-152G>A	.	Het	预测疗效	风险基因型	疗效较差	治疗HCV（丙肝病毒）感染的疗效较差。	CPIC	90	rs12979860	chr19:39248147:C>T
E-S24444223360	聚乙二醇干扰素alfa-2b	69.64	14,5	26.32	IFNL3	GA(rs12979860)	c.151-152G>A	.	Het	预测疗效	风险基因型	疗效较差	治疗HCV（丙肝病毒）感染的疗效较差。	CPIC	91	rs12979860	chr19:39248147:C>T
E-S24444223360	利巴韦林	69.64	14,5	26.32	IFNL3	GA(rs12979860)	c.151-152G>A	.	Het	预测疗效	风险基因型	疗效较差	治疗HCV（丙肝病毒）感染的疗效较差。	CPIC	89	rs12979860	chr19:39248147:C>T
E-S24444223360	氟伐他汀	168.64	11,7	38.89	CYP2C9	*1/*2	c.430C>T	p.Arg144Cys	Het	不良反应预测	中间代谢型	降低剂量或换药	肌病风险增加，建议起始剂量不应超过40mg/天，如果达不到预期治疗效果，可考虑换药或与非他汀类药物联合用药。	CPIC	142	rs1799853	chr10:94942290:C>T
E-S24444223360	丙咪嗪	243.64,567.64	6,9;12,21	60.00,63.64	CYP2D6	*10/*4	c.506-1G>A,c.100C>T	.,p.Pro34Ser	Het,Het	预测疗效、不良反应预测	中间代谢型	降低剂量	不良反应风险增加，考虑以临床推荐的标准起始剂量减少25%开始治疗。	CPIC	25	rs3892097,rs1065852	chr22:42128945:C>T,chr22:42130692:G>A
E-S24444223360	氯巴占	.	.	.	CYP2C19	*1/*1	.	.	.	不良反应预测，剂量指导	普遍代谢型	常规用药	常规用药，以临床推荐的标准起始剂量开始治疗。	FDA	27	.	.
E-S24444223360	托烷司琼	243.64,567.64	6,9;12,21	60.00,63.64	CYP2D6	*10/*4	c.506-1G>A,c.100C>T	.,p.Pro34Ser	Het,Het	预测疗效、不良反应预测	中间代谢型	常规用药	常规用药，以临床推荐的标准起始剂量开始治疗。	CPIC	143	rs3892097,rs1065852	chr22:42128945:C>T,chr22:42130692:G>A
E-S24444223360	苯妥英	168.64	11,7	38.89	CYP2C9	*1/*2	c.430C>T	p.Arg144Cys	Het	剂量指导	中间代谢型	降低剂量	首次负荷量不变，维持量需要减少25%。	CPIC	31	rs1799853	chr10:94942290:C>T
