CHROM,POS,ID,REF,ALT,QUAL,FILTER,INFO,FORMAT,PharmCAT,REF_y,ALT_y,Name
chr1,97450059,rs3918289,G,C,.,PASS,PX=DPYD,GT,0/0,,,NM_000110.4:c.1905C>G(p.Asn635Lys)
chr2,233760498,rs4148323,G,A,.,PASS,PX=UGT1A1,GT,0/0,,,NM_000463.3:c.211G>A
chr7,99768424,rs113667357,T,A,.,PASS,PX=CYP3A4,GT,0/0,,,NC_000007.14:g.99768424T>A
chr10,94762755,rs55752064,T,C,.,PASS,PX=CYP2C19,GT,0/0,,,NM_000769.4:c.50T>C
chr10,94762760,rs17882687,A,C,.,PASS,PX=CYP2C19,GT,0/0,,,NM_000769.4:c.55A>C
chr10,94762788,rs1564656981,A,T,.,PASS,PX=CYP2C19,GT,0/0,,,NM_000769.4:c.83A>T
chr10,94762856,rs1564657013,A,G,.,PASS,PX=CYP2C19,GT,0/0,,,NM_000769.4:c.151A>G
chr10,94775106,rs145328984,C,T,.,PASS,PX=CYP2C19,GT,0/0,,,NM_000769.4:c.217C>T
chr10,94775121,rs1564660997,C,T,.,PASS,PX=CYP2C19,GT,0/0,,,NM_000769.4:c.232C>T
chr10,94775160,rs118203756,G,C,.,PASS,PX=CYP2C19,GT,0/0,,,NM_000769.4:c.271G>C(p.Gly91Arg)
chr10,94775185,rs1288601658,A,G,.,PASS,PX=CYP2C19,GT,0/0,,,NM_000769.4:c.296A>G(p.His99Arg)
chr10,94775367,rs12769205,A,G,.,PASS,PX=CYP2C19,GT,0/0,,,NM_000769.4:c.332-23A>G
chr10,94775507,rs58973490,G,A,.,PASS,PX=CYP2C19,GT,0/0,,,NM_000769.4:c.449G>A
chr10,94780574,rs140278421,G,C,.,PASS,PX=CYP2C19,GT,0/0,,,NM_000769.4:c.557G>C(p.Arg186Pro)
chr10,94780579,rs370803989,G,A,.,PASS,PX=CYP2C19,GT,0/0,,,NM_000769.4:c.562G>A(p.Asp188Asn)
chr10,94781858,rs6413438,C,T,.,PASS,PX=CYP2C19,GT,0/0,,,NM_000769.4:c.680C>T(p.Pro227Leu)
chr10,94781944,rs375781227,G,A,.,PASS,PX=CYP2C19,GT,0/0,,,NM_000769.4:c.766G>A(p.Asp256Asn)
chr10,94842861,rs138142612,G,A,.,PASS,PX=CYP2C19,GT,0/0,,,NM_000769.4:c.986G>A(p.Arg329His)
chr10,94849995,rs17879685,C,T,.,PASS,PX=CYP2C19,GT,0/0,,,NM_000769.4:c.1228C>T(p.Arg410Cys)
chr10,94852765,rs192154563,C,T,.,PASS,PX=CYP2C19,GT,0/0,,,NM_000769.4:c.1324C>T(p.Arg442Cys)
chr10,94852785,rs118203759,C,G,.,PASS,PX=CYP2C19,GT,0/0,,,NM_000769.4:c.1344C>G(p.Phe448Leu)
chr10,94852914,rs55640102,A,C,.,PASS,PX=CYP2C19,GT,0/0,,,NM_000769.4:c.1473A>C(p.Ter491Cys)
chr10,94942309,rs7900194,G,A,.,PASS,PX=CYP2C9,GT,0/0,,,NM_000771.4:c.449G>A(p.Arg150His)
chr10,94942309,rs7900194,G,T,.,PASS,PX=CYP2C9,GT,0/0,,,NM_000771.4:c.449G>T(p.Arg150Leu)
chr10,94981224,rs28371685,C,T,.,PASS,PX=CYP2C9,GT,0/0,,,NM_000771.4:c.1003C>T(p.Arg335Trp)
chr10,94981301,rs28371686,C,G,.,PASS,PX=CYP2C9,GT,0/0,,,NM_000771.4:c.1080C>G(p.Asp360Glu)
chr12,21176871,.,G,A,.,PASS,PX=SLCO1B1,GT,0/0,,,NC_000012.12:g.21176871G>A
chr19,41004133,rs148009906,G,A,.,PASS,PX=CYP2B6,GT,0/0,,,NM_000767.5:c.304G>A(p.Ala102Thr)
chr22,42126627,.,A,C,.,PASS,PX=CYP2D6,GT,0/0,,,NC_000022.11:g.42126627A>C
chr22,42126667,rs1135832,C,G,.,PASS,PX=CYP2D6,GT,0/0,,,NM_000106.6:c.1401G>C
chr22,42127565,rs61736517,T,C,.,PASS,PX=CYP2D6,GT,0/0,,,NM_000106.6:c.1055A>G(p.His352Arg)
chr22,42127803,rs28371725,C,T,.,PASS,PX=CYP2D6,GT,0/0,,,NM_000106.5:c.985+39G>A
chr22,42128945,rs3892097,C,T,.,PASS,PX=CYP2D6,GT,0/0,,,NC_000022.11:g.42128945C>T
chr22,42129130,rs1058164,C,G,.,PASS,PX=CYP2D6,GT,0/0,,,NM_000106.6:c.408G>C
chr22,42129180,rs1135822,A,T,.,PASS,PX=CYP2D6,GT,0/0,,,NM_000106.6:c.358T>A(p.Phe120Ile)
chr22,42129770,rs28371706,G,A,.,PASS,PX=CYP2D6,GT,0/0,,,NM_001025161.3:c.320C>T(p.Thr107Ile)
chr22,42129770,rs28371706,G,T,.,PASS,PX=CYP2D6,GT,0/0,,,NM_001025161.3:c.320C>A(p.Thr107Asn)
chr22,42130692,rs1065852,G,A,.,PASS,PX=CYP2D6,GT,0/0,,,NM_000106.6:c.100C>T(p.Pro34Ser)
chrX,154533591,.,G,T,.,PASS,PX=G6PD,GT,0/0,,,NM_000402.4:c.939C>T
