CHROM,POS,ID,REF,ALT,QUAL,FILTER,INFO,FORMAT,PharmCAT,level_0,Name,Gene(s),Protein change,Condition(s),Accession,GRCh37Chromosome,GRCh37Location,GRCh38Chromosome,GRCh38Location,VariationID,AlleleID(s),dbSNP ID,Canonical SPDI,Variant type,Molecular consequence,Germline classification,Germline date last evaluated,Germline review status,Somatic clinical impact,Somatic clinical impact date last evaluated,Somatic clinical impact review status,Oncogenicity classification,Oncogenicity date last evaluated,Oncogenicity review status,Unnamed: 24
chr1,97079077,rs202144771,G,A,.,PASS,PX=DPYD,GT,0/0,,NM_000110.4(DPYD):c.2977C>T(p.Leu993Phe),,,,,,,,,,,,,,,,,,,,,,,,
chr1,97079121,rs72547601,T,C,.,PASS,PX=DPYD,GT,0/0,,NM_000110.4(DPYD):c.2933A>G(p.His978Arg),,,,,,,,,,,,,,,,,,,,,,,,
chr1,97098599,rs147545709,G,A,.,PASS,PX=DPYD,GT,0/0,,NM_000110.4(DPYD):c.2656C>T(p.Arg886Cys),,,,,,,,,,,,,,,,,,,,,,,,
chr1,97098616,rs55674432,C,A,.,PASS,PX=DPYD,GT,0/0,,NM_000110.4(DPYD):c.2639G>T(p.Gly880Val),,,,,,,,,,,,,,,,,,,,,,,,
chr1,97193109,rs60139309,T,C,.,PASS,PX=DPYD,GT,0/0,,NM_000110.4(DPYD):c.2582A>G(p.Lys861Arg),,,,,,,,,,,,,,,,,,,,,,,,
chr1,97193209,rs200687447,C,T,.,PASS,PX=DPYD,GT,0/0,,NM_000110.4(DPYD):c.2482G>A(p.Glu828Lys),,,,,,,,,,,,,,,,,,,,,,,,
chr1,97234958,rs199634007,G,T,.,PASS,PX=DPYD,GT,0/0,,NM_000110.4(DPYD):c.2336C>A(p.Thr779Asn),,,,,,,,,,,,,,,,,,,,,,,,
chr1,97373598,rs137999090,C,T,.,PASS,PX=DPYD,GT,0/0,,NM_000110.4(DPYD):c.2021G>A(p.Gly674Asp),,,,,,,,,,,,,,,,,,,,,,,,
chr1,97450065,rs72549303,TG,T,.,PASS,PX=DPYD,GT,0/0,,,,,,,,,,,,,,,,,,,,,,,,,,
chr1,97450187,rs145773863,C,T,.,PASS,PX=DPYD,GT,0/0,,NM_000110.4(DPYD):c.1777G>A(p.Gly593Arg),,,,,,,,,,,,,,,,,,,,,,,,
chr1,97515784,rs201615754,C,A,.,PASS,PX=DPYD,GT,0/0,,NM_000110.4(DPYD):c.1682G>T(p.Arg561Leu),,,,,,,,,,,,,,,,,,,,,,,,
chr1,97515889,rs190951787,G,C,.,PASS,PX=DPYD,GT,0/0,,NM_000110.4(DPYD):c.1577C>G(p.Thr526Ser),,,,,,,,,,,,,,,,,,,,,,,,
chr1,97549600,rs111858276,T,C,.,PASS,PX=DPYD,GT,0/0,,NM_000110.4(DPYD):c.1484A>G(p.Asp495Gly),,,,,,,,,,,,,,,,,,,,,,,,
chr1,97549681,rs199549923,G,T,.,PASS,PX=DPYD,GT,0/0,,NM_000110.4(DPYD):c.1403C>A(p.Thr468Asn),,,,,,,,,,,,,,,,,,,,,,,,
chr1,97573785,rs186169810,A,C,.,PASS,PX=DPYD,GT,0/0,,NM_000110.4(DPYD):c.1314T>G(p.Phe438Leu),,,,,,,,,,,,,,,,,,,,,,,,
chr1,97573805,rs142512579,C,T,.,PASS,PX=DPYD,GT,0/0,,NM_000110.4(DPYD):c.1294G>A(p.Asp432Asn),,,,,,,,,,,,,,,,,,,,,,,,
chr1,97573839,rs200064537,A,T,.,PASS,PX=DPYD,GT,0/0,,NM_000110.4(DPYD):c.1260T>A(p.Asn420Lys),,,,,,,,,,,,,,,,,,,,,,,,
chr1,97573918,rs143815742,C,A,.,PASS,PX=DPYD,GT,0/0,,NM_000110.4(DPYD):c.1181G>T(p.Arg394Leu),,,,,,,,,,,,,,,,,,,,,,,,
chr1,97593289,rs143154602,G,A,.,PASS,PX=DPYD,GT,0/0,,NM_000110.4(DPYD):c.1057C>T(p.Arg353Cys),,,,,,,,,,,,,,,,,,,,,,,,
chr1,97595083,rs145112791,G,A,.,PASS,PX=DPYD,GT,0/0,,NM_000110.4(DPYD):c.934C>T(p.Leu312Phe),,,,,,,,,,,,,,,,,,,,,,,,
chr1,97595088,rs150437414,A,G,.,PASS,PX=DPYD,GT,0/0,,NM_000110.4(DPYD):c.929T>C(p.Leu310Ser),,,,,,,,,,,,,,,,,,,,,,,,
chr1,97699533,rs139834141,C,T,.,PASS,PX=DPYD,GT,0/0,,NM_000110.4(DPYD):c.498G>A(p.Met166Ile),,,,,,,,,,,,,,,,,,,,,,,,
chr1,97721650,rs141462178,T,C,.,PASS,PX=DPYD,GT,0/0,,NM_000110.4(DPYD):c.343A>G(p.Met115Val),,,,,,,,,,,,,,,,,,,,,,,,
chr1,97740400,rs150385342,C,T,.,PASS,PX=DPYD,GT,0/0,,NM_000110.4(DPYD):c.313G>A(p.Ala105Thr),,,,,,,,,,,,,,,,,,,,,,,,
chr1,97740410,rs72549309,GATGA,G,.,PASS,PX=DPYD,GT,0/0,,,,,,,,,,,,,,,,,,,,,,,,,,
chr1,97883352,rs80081766,C,T,.,PASS,PX=DPYD,GT,0/0,,NM_000110.4(DPYD):c.62G>A(p.Arg21Gln),,,,,,,,,,,,,,,,,,,,,,,,
chr1,97883368,rs150036960,G,C,.,PASS,PX=DPYD,GT,0/0,,NM_000110.4(DPYD):c.46C>G(p.Leu16Val),,,,,,,,,,,,,,,,,,,,,,,,
chr2,233759924,rs887829,C,T,.,PASS,PX=UGT1A1,GT,0/0,,,,,,,,,,,,,,,,,,,,,,,,,,
chr2,233760233,rs3064744,CAT,"C,CATAT,CATATAT",.,PASS,PX=UGT1A1,GT,0/0,,,,,,,,,,,,,,,,,,,,,,,,,,
chr6,18130694,rs150900439,T,C,.,PASS,PX=TPMT,GT,0/0,,NM_000367.5(TPMT):c.712A>G(p.Lys238Glu),,,,,,,,,,,,,,,,,,,,,,,,
chr6,18130725,rs72552736,A,C,.,PASS,PX=TPMT,GT,0/0,,NM_000367.5(TPMT):c.681T>G(p.His227Gln),,,,,,,,,,,,,,,,,,,,,,,,
chr6,18130729,rs139392616,C,T,.,PASS,PX=TPMT,GT,0/0,,NM_000367.5(TPMT):c.677G>A(p.Arg226Gln),,,,,,,,,,,,,,,,,,,,,,,,
chr6,18130772,rs377085266,A,G,.,PASS,PX=TPMT,GT,0/0,,NM_000367.5(TPMT):c.634T>C(p.Cys212Arg),,,,,,,,,,,,,,,,,,,,,,,,
chr6,18132136,rs72556347,A,G,.,PASS,PX=TPMT,GT,0/0,,NM_000367.5(TPMT):c.622T>C(p.Phe208Leu),,,,,,,,,,,,,,,,,,,,,,,,
chr6,18132147,rs79901429,A,G,.,PASS,PX=TPMT,GT,0/0,,NM_000367.5(TPMT):c.611T>C(p.Ile204Thr),,,,,,,,,,,,,,,,,,,,,,,,
chr6,18132163,.,C,T,.,PASS,PX=TPMT,GT,0/0,,NM_000367.5(TPMT):c.595G>A(p.Val199Ile),,,,,,,,,,,,,,,,,,,,,,,,
chr6,18133845,rs75543815,T,A,.,PASS,PX=TPMT,GT,0/0,,NM_000367.5(TPMT):c.539A>T(p.Tyr180Phe),,,,,,,,,,,,,,,,,,,,,,,,
chr6,18133847,rs6921269,C,A,.,PASS,PX=TPMT,GT,0/0,,NM_000367.5(TPMT):c.537G>T(p.Gln179His),,,,,,,,,,,,,,,,,,,,,,,,
chr6,18133870,rs772832951,A,G,.,PASS,PX=TPMT,GT,0/0,,NM_000367.5(TPMT):c.514T>C(p.Ser172Pro),,,,,,,,,,,,,,,,,,,,,,,,
chr6,18133890,rs9333570,C,T,.,PASS,PX=TPMT,GT,0/0,,,,,,,,,,,,,,,,,,,,,,,,,,
chr6,18138969,rs144041067,C,"G,T",.,PASS,PX=TPMT,GT,0/0,,,,,,,,,,,,,,,,,,,,,,,,,,
chr6,18138970,rs112339338,G,A,.,PASS,PX=TPMT,GT,0/0,,NM_000367.5(TPMT):c.487C>T(p.Arg163Cys),,,,,,,,,,,,,,,,,,,,,,,,
chr6,18139027,rs72552737,C,G,.,PASS,PX=TPMT,GT,0/0,,NM_000367.5(TPMT):c.430G>C(p.Gly144Arg),,,,,,,,,,,,,,,,,,,,,,,,
chr6,18139689,rs72552738,C,T,.,PASS,PX=TPMT,GT,0/0,,NM_000367.5(TPMT):c.395G>A(p.Cys132Tyr),,,,,,,,,,,,,,,,,,,,,,,,
chr6,18139710,rs200220210,G,A,.,PASS,PX=TPMT,GT,0/0,,NM_000367.5(TPMT):c.374C>T(p.Ser125Leu),,,,,,,,,,,,,,,,,,,,,,,,
chr6,18143597,.,T,G,.,PASS,PX=TPMT,GT,0/0,,,,,,,,,,,,,,,,,,,,,,,,,,
chr6,18143606,rs151149760,T,G,.,PASS,PX=TPMT,GT,0/0,,NM_000367.5(TPMT):c.356A>C(p.Lys119Thr),,,,,,,,,,,,,,,,,,,,,,,,
chr6,18143613,.,C,G,.,PASS,PX=TPMT,GT,0/0,,NM_000367.5(TPMT):c.349G>C(p.Gly117Arg),,,,,,,,,,,,,,,,,,,,,,,,
chr6,18143622,rs115106679,C,T,.,PASS,PX=TPMT,GT,0/0,,NM_000367.5(TPMT):c.340G>A(p.Glu114Lys),,,,,,,,,,,,,,,,,,,,,,,,
chr6,18143643,.,A,C,.,PASS,PX=TPMT,GT,0/0,,NM_000367.5(TPMT):c.319T>G(p.Tyr107Asp),,,,,,,,,,,,,,,,,,,,,,,,
chr6,18143718,rs111901354,G,A,.,PASS,PX=TPMT,GT,0/0,,NM_000367.5(TPMT):c.244C>T(p.Arg82Trp),,,,,,,,,,,,,,,,,,,,,,,,
chr6,18147838,rs281874771,G,A,.,PASS,PX=TPMT,GT,0/0,,NM_000367.5(TPMT):c.218C>T(p.Ala73Val),,,,,,,,,,,,,,,,,,,,,,,,
chr6,18147845,rs777686348,C,T,.,PASS,PX=TPMT,GT,0/0,,NM_000367.5(TPMT):c.211G>A(p.Gly71Arg),,,,,,,,,,,,,,,,,,,,,,,,
chr6,18147851,rs200591577,G,C,.,PASS,PX=TPMT,GT,0/0,,NM_000367.5(TPMT):c.205C>G(p.Leu69Val),,,,,,,,,,,,,,,,,,,,,,,,
chr6,18147856,.,A,G,.,PASS,PX=TPMT,GT,0/0,,,,,,,,,,,,,,,,,,,,,,,,,,
chr6,18147910,rs72552740,A,G,.,PASS,PX=TPMT,GT,0/0,,NM_000367.5(TPMT):c.146T>C(p.Leu49Ser),,,,,,,,,,,,,,,,,,,,,,,,
chr6,18149004,.,G,C,.,PASS,PX=TPMT,GT,0/0,,NM_000367.5(TPMT):c.124C>G(p.Gln42Glu),,,,,,,,,,,,,,,,,,,,,,,,
chr6,18149022,rs750424422,C,T,.,PASS,PX=TPMT,GT,0/0,,NM_000367.5(TPMT):c.106G>A(p.Gly36Ser),,,,,,,,,,,,,,,,,,,,,,,,
chr6,18149032,rs759836180,C,CT,.,PASS,PX=TPMT,GT,0/0,,,,,,,,,,,,,,,,,,,,,,,,,,
chr6,18149045,rs72552742,T,A,.,PASS,PX=TPMT,GT,0/0,,NM_000367.5(TPMT):c.83A>T(p.Glu28Val),,,,,,,,,,,,,,,,,,,,,,,,
chr6,18149126,rs267607275,A,G,.,PASS,PX=TPMT,GT,0/0,,NM_000367.5(TPMT):c.2T>C(p.Met1Thr),,,,,,,,,,,,,,,,,,,,,,,,
chr6,18149127,rs9333569,T,C,.,PASS,PX=TPMT,GT,0/0,,NM_000367.5(TPMT):c.1A>G(p.Met1Val),,,,,,,,,,,,,,,,,,,,,,,,
chr7,99652770,rs41303343,T,TA,.,PASS,PX=CYP3A5,GT,0/0,,,,,,,,,,,,,,,,,,,,,,,,,,
chr7,99660516,rs28383479,C,T,.,PASS,PX=CYP3A5,GT,0/0,,NM_000777.5(CYP3A5):c.1009G>A(p.Ala337Thr),,,,,,,,,,,,,,,,,,,,,,,,
chr7,99676198,rs55817950,G,A,.,PASS,PX=CYP3A5,GT,0/0,,NM_000777.5(CYP3A5):c.82C>T(p.Arg28Cys),,,,,,,,,,,,,,,,,,,,,,,,
chr7,99758183,rs67666821,G,GT,.,PASS,PX=CYP3A4,GT,0/0,,,,,,,,,,,,,,,,,,,,,,,,,,
chr7,99758228,rs1584538410,T,A,.,PASS,PX=CYP3A4,GT,0/0,,NM_017460.6(CYP3A4):c.1417A>T(p.Ile473Phe),,,,,,,,,,,,,,,,,,,,,,,,
chr7,99760836,rs4986913,G,A,.,PASS,PX=CYP3A4,GT,0/0,,NM_017460.6(CYP3A4):c.1399C>T(p.Pro467Ser),,,,,,,,,,,,,,,,,,,,,,,,
chr7,99760901,rs4986910,A,G,.,PASS,PX=CYP3A4,GT,0/0,,NM_017460.6(CYP3A4):c.1334T>C(p.Met445Thr),,,,,,,,,,,,,,,,,,,,,,,,
chr7,99760956,rs774109750,T,C,.,PASS,PX=CYP3A4,GT,0/0,,NM_017460.6(CYP3A4):c.1279A>G(p.Ile427Val),,,,,,,,,,,,,,,,,,,,,,,,
chr7,99762047,rs4986909,G,A,.,PASS,PX=CYP3A4,GT,0/0,,NM_017460.6(CYP3A4):c.1247C>T(p.Pro416Leu),,,,,,,,,,,,,,,,,,,,,,,,
chr7,99762054,.,A,T,.,PASS,PX=CYP3A4,GT,0/0,,,,,,,,,,,,,,,,,,,,,,,,,,
chr7,99762069,.,T,G,.,PASS,PX=CYP3A4,GT,0/0,,,,,,,,,,,,,,,,,,,,,,,,,,
chr7,99762177,rs12721629,G,A,.,PASS,PX=CYP3A4,GT,0/0,,NM_017460.6(CYP3A4):c.1117C>T(p.Leu373Phe),,,,,,,,,,,,,,,,,,,,,,,,
chr7,99762186,rs756833413,C,A,.,PASS,PX=CYP3A4,GT,0/0,,NM_017460.6(CYP3A4):c.1108G>T(p.Ala370Ser),,,,,,,,,,,,,,,,,,,,,,,,
chr7,99762234,rs1318364992,C,T,.,PASS,PX=CYP3A4,GT,0/0,,NM_017460.6(CYP3A4):c.1060G>A(p.Glu354Lys),,,,,,,,,,,,,,,,,,,,,,,,
chr7,99763877,rs368296206,A,G,.,PASS,PX=CYP3A4,GT,0/0,,NM_017460.6(CYP3A4):c.1004T>C(p.Ile335Thr),,,,,,,,,,,,,,,,,,,,,,,,
chr7,99763909,rs1303250043,G,T,.,PASS,PX=CYP3A4,GT,0/0,,NM_017460.6(CYP3A4):c.972C>A(p.His324Gln),,,,,,,,,,,,,,,,,,,,,,,,
chr7,99763925,rs201821708,T,C,.,PASS,PX=CYP3A4,GT,0/0,,NM_017460.6(CYP3A4):c.956A>G(p.Tyr319Cys),,,,,,,,,,,,,,,,,,,,,,,,
chr7,99766411,rs4646438,G,GT,.,PASS,PX=CYP3A4,GT,0/0,,,,,,,,,,,,,,,,,,,,,,,,,,
chr7,99766424,rs1429705359,T,C,.,PASS,PX=CYP3A4,GT,0/0,,NM_017460.6(CYP3A4):c.818A>G(p.Gln273Arg),,,,,,,,,,,,,,,,,,,,,,,,
chr7,99766439,rs145582851,C,T,.,PASS,PX=CYP3A4,GT,0/0,,NM_017460.6(CYP3A4):c.803G>A(p.Arg268Gln),,,,,,,,,,,,,,,,,,,,,,,,
chr7,99766440,rs138105638,G,A,.,PASS,PX=CYP3A4,GT,0/0,,NM_017460.6(CYP3A4):c.802C>T(p.Arg268Ter),,,,,,,,,,,,,,,,,,,,,,,,
chr7,99768360,rs55785340,A,G,.,PASS,PX=CYP3A4,GT,0/0,,NM_017460.6(CYP3A4):c.664T>C(p.Ser222Pro),,,,,,,,,,,,,,,,,,,,,,,,
chr7,99768371,rs55901263,G,C,.,PASS,PX=CYP3A4,GT,0/0,,NM_017460.6(CYP3A4):c.653C>G(p.Pro218Arg),,,,,,,,,,,,,,,,,,,,,,,,
chr7,99768447,rs3208361,T,C,.,PASS,PX=CYP3A4,GT,0/0,,NM_017460.6(CYP3A4):c.577A>G(p.Ile193Val),,,,,,,,,,,,,,,,,,,,,,,,
chr7,99768458,rs4987161,A,G,.,PASS,PX=CYP3A4,GT,0/0,,NM_017460.6(CYP3A4):c.566T>C(p.Phe189Ser),,,,,,,,,,,,,,,,,,,,,,,,
chr7,99768470,rs12721627,G,C,.,PASS,PX=CYP3A4,GT,0/0,,NM_017460.6(CYP3A4):c.554C>G(p.Thr185Ser),,,,,,,,,,,,,,,,,,,,,,,,
chr7,99768693,rs35599367,G,A,.,PASS,PX=CYP3A4,GT,0/0,,,,,,,,,,,,,,,,,,,,,,,,,,
chr7,99769769,rs4986908,C,G,.,PASS,PX=CYP3A4,GT,0/0,,NM_017460.6(CYP3A4):c.520G>C(p.Asp174His),,,,,,,,,,,,,,,,,,,,,,,,
chr7,99769781,rs72552798,C,T,.,PASS,PX=CYP3A4,GT,0/0,,NM_017460.6(CYP3A4):c.508G>A(p.Val170Ile),,,,,,,,,,,,,,,,,,,,,,,,
chr7,99769804,rs4986907,C,T,.,PASS,PX=CYP3A4,GT,0/0,,NM_017460.6(CYP3A4):c.485G>A(p.Arg162Gln),,,,,,,,,,,,,,,,,,,,,,,,
chr7,99769805,rs57409622,G,A,.,PASS,PX=CYP3A4,GT,0/0,,NM_017460.6(CYP3A4):c.484C>T(p.Arg162Trp),,,,,,,,,,,,,,,,,,,,,,,,
chr7,99770165,rs72552799,C,T,.,PASS,PX=CYP3A4,GT,0/0,,NM_017460.6(CYP3A4):c.389G>A(p.Arg130Gln),,,,,,,,,,,,,,,,,,,,,,,,
chr7,99770166,rs778013004,G,A,.,PASS,PX=CYP3A4,GT,0/0,,NM_017460.6(CYP3A4):c.388C>T(p.Arg130Ter),,,,,,,,,,,,,,,,,,,,,,,,
chr7,99770196,.,T,C,.,PASS,PX=CYP3A4,GT,0/0,,,,,,,,,,,,,,,,,,,,,,,,,,
chr7,99770202,rs55951658,T,C,.,PASS,PX=CYP3A4,GT,0/0,,NM_017460.6(CYP3A4):c.352A>G(p.Ile118Val),,,,,,,,,,,,,,,,,,,,,,,,
chr7,99770217,rs1449865051,A,T,.,PASS,PX=CYP3A4,GT,0/0,,NM_017460.6(CYP3A4):c.337T>A(p.Phe113Ile),,,,,,,,,,,,,,,,,,,,,,,,
chr7,99778079,rs56324128,C,T,.,PASS,PX=CYP3A4,GT,0/0,,NM_017460.6(CYP3A4):c.167G>A(p.Gly56Asp),,,,,,,,,,,,,,,,,,,,,,,,
chr7,99780036,.,G,A,.,PASS,PX=CYP3A4,GT,0/0,,,,,,,,,,,,,,,,,,,,,,,,,,
chr7,99784018,rs570051168,G,C,.,PASS,PX=CYP3A4,GT,0/0,,NM_017460.6(CYP3A4):c.64C>G(p.Leu22Val),,,,,,,,,,,,,,,,,,,,,,,,
chr7,99784038,rs12721634,A,G,.,PASS,PX=CYP3A4,GT,0/0,,NM_017460.6(CYP3A4):c.44T>C(p.Leu15Pro),,,,,,,,,,,,,,,,,,,,,,,,
chr7,99784075,rs188389063,G,C,.,PASS,PX=CYP3A4,GT,0/0,,NM_017460.6(CYP3A4):c.7C>G(p.Leu3Val),,,,,,,,,,,,,,,,,,,,,,,,
chr7,99784078,rs1226205448,C,T,.,PASS,PX=CYP3A4,GT,0/0,,NM_017460.6(CYP3A4):c.4G>A(p.Ala2Thr),,,,,,,,,,,,,,,,,,,,,,,,
chr10,94645745,rs12777823,G,A,.,PASS,POI,GT,0/0,,,,,,,,,,,,,,,,,,,,,,,,,,
chr10,94775423,rs17885179,A,C,.,PASS,PX=CYP2C19,GT,0/0,,NM_000769.4(CYP2C19):c.365A>C(p.Glu122Ala),,,,,,,,,,,,,,,,,,,,,,,,
chr10,94938683,rs114071557,A,G,.,PASS,PX=CYP2C9,GT,0/0,,NM_000771.4(CYP2C9):c.1A>G(p.Met1Val),,,,,,,,,,,,,,,,,,,,,,,,
chr10,94938719,.,T,G,.,PASS,PX=CYP2C9,GT,0/0,,,,,,,,,,,,,,,,,,,,,,,,,,
chr10,94938737,rs67807361,C,A,.,PASS,PX=CYP2C9,GT,0/0,,NM_000771.4(CYP2C9):c.55C>A(p.Leu19Ile),,,,,,,,,,,,,,,,,,,,,,,,
chr10,94938771,rs142240658,C,T,.,PASS,PX=CYP2C9,GT,0/0,,NM_000771.4(CYP2C9):c.89C>T(p.Pro30Leu),,,,,,,,,,,,,,,,,,,,,,,,
chr10,94938788,.,C,T,.,PASS,PX=CYP2C9,GT,0/0,,,,,,,,,,,,,,,,,,,,,,,,,,
chr10,94938800,rs1364419386,G,A,.,PASS,PX=CYP2C9,GT,0/0,,NM_000771.4(CYP2C9):c.118G>A(p.Gly40Arg),,,,,,,,,,,,,,,,,,,,,,,,
chr10,94938803,rs2031308986,A,G,.,PASS,PX=CYP2C9,GT,0/0,,NM_000771.4(CYP2C9):c.121A>G(p.Asn41Asp),,,,,,,,,,,,,,,,,,,,,,,,
chr10,94938828,rs564813580,A,G,.,PASS,PX=CYP2C9,GT,0/0,,NM_000771.4(CYP2C9):c.146A>G(p.Asp49Gly),,,,,,,,,,,,,,,,,,,,,,,,
chr10,94941897,rs371055887,G,C,.,PASS,PX=CYP2C9,GT,0/0,,NM_000771.4(CYP2C9):c.208G>C(p.Gly70Arg),,,,,,,,,,,,,,,,,,,,,,,,
chr10,94941915,.,G,A,.,PASS,PX=CYP2C9,GT,0/0,,,,,,,,,,,,,,,,,,,,,,,,,,
chr10,94941958,rs72558187,T,C,.,PASS,PX=CYP2C9,GT,0/0,,NM_000771.4(CYP2C9):c.269T>C(p.Leu90Pro),,,,,,,,,,,,,,,,,,,,,,,,
chr10,94941975,.,G,A,.,PASS,PX=CYP2C9,GT,0/0,,,,,,,,,,,,,,,,,,,,,,,,,,
chr10,94941976,.,G,C,.,PASS,PX=CYP2C9,GT,0/0,,,,,,,,,,,,,,,,,,,,,,,,,,
chr10,94941982,rs762239445,G,T,.,PASS,PX=CYP2C9,GT,0/0,,NM_000771.4(CYP2C9):c.293G>T(p.Gly98Val),,,,,,,,,,,,,,,,,,,,,,,,
chr10,94942018,.,T,C,.,PASS,PX=CYP2C9,GT,0/0,,,,,,,,,,,,,,,,,,,,,,,,,,
chr10,94942205,rs1304490498,CAATGGAAAGA,C,.,PASS,PX=CYP2C9,GT,0/0,,,,,,,,,,,,,,,,,,,,,,,,,,
chr10,94942230,rs767576260,C,T,.,PASS,PX=CYP2C9,GT,0/0,,NM_000771.4(CYP2C9):c.370C>T(p.Arg124Trp),,,,,,,,,,,,,,,,,,,,,,,,
chr10,94942231,rs12414460,G,A,.,PASS,PX=CYP2C9,GT,0/0,,NM_000771.4(CYP2C9):c.371G>A(p.Arg124Gln),,,,,,,,,,,,,,,,,,,,,,,,
chr10,94942233,rs375805362,C,T,.,PASS,PX=CYP2C9,GT,0/0,,NM_000771.4(CYP2C9):c.373C>T(p.Arg125Cys),,,,,,,,,,,,,,,,,,,,,,,,
chr10,94942243,rs1375956433,T,G,.,PASS,PX=CYP2C9,GT,0/0,,NM_000771.4(CYP2C9):c.383T>G(p.Leu128Arg),,,,,,,,,,,,,,,,,,,,,,,,
chr10,94942249,rs200965026,C,"G,T",.,PASS,PX=CYP2C9,GT,0/0,,,,,,,,,,,,,,,,,,,,,,,,,,
chr10,94942254,rs199523631,C,T,.,PASS,PX=CYP2C9,GT,0/0,,NM_000771.4(CYP2C9):c.394C>T(p.Arg132Trp),,,,,,,,,,,,,,,,,,,,,,,,
chr10,94942255,rs200183364,G,A,.,PASS,PX=CYP2C9,GT,0/0,,NM_000771.4(CYP2C9):c.395G>A(p.Arg132Gln),,,,,,,,,,,,,,,,,,,,,,,,
chr10,94942291,rs141489852,G,A,.,PASS,PX=CYP2C9,GT,0/0,,NM_000771.4(CYP2C9):c.431G>A(p.Arg144His),,,,,,,,,,,,,,,,,,,,,,,,
chr10,94942305,rs754487195,G,A,.,PASS,PX=CYP2C9,GT,0/0,,NM_000771.4(CYP2C9):c.445G>A(p.Ala149Thr),,,,,,,,,,,,,,,,,,,,,,,,
chr10,94942306,rs1289704600,C,T,.,PASS,PX=CYP2C9,GT,0/0,,NM_000771.4(CYP2C9):c.446C>T(p.Ala149Val),,,,,,,,,,,,,,,,,,,,,,,,
chr10,94942308,rs17847037,C,T,.,PASS,PX=CYP2C9,GT,0/0,,NM_000771.4(CYP2C9):c.448C>T(p.Arg150Cys),,,,,,,,,,,,,,,,,,,,,,,,
chr10,94947782,rs72558190,C,A,.,PASS,PX=CYP2C9,GT,0/0,,NM_000771.4(CYP2C9):c.485C>A(p.Ser162Ter),,,,,,,,,,,,,,,,,,,,,,,,
chr10,94947785,rs774550549,C,T,.,PASS,PX=CYP2C9,GT,0/0,,NM_000771.4(CYP2C9):c.488C>T(p.Pro163Leu),,,,,,,,,,,,,,,,,,,,,,,,
chr10,94947869,.,A,G,.,PASS,PX=CYP2C9,GT,0/0,,,,,,,,,,,,,,,,,,,,,,,,,,
chr10,94947907,.,A,C,.,PASS,PX=CYP2C9,GT,0/0,,,,,,,,,,,,,,,,,,,,,,,,,,
chr10,94947917,rs1326630788,T,C,.,PASS,PX=CYP2C9,GT,0/0,,NM_000771.4(CYP2C9):c.620T>C(p.Ile207Thr),,,,,,,,,,,,,,,,,,,,,,,,
chr10,94947938,rs2031531005,A,T,.,PASS,PX=CYP2C9,GT,0/0,,NM_000771.4(CYP2C9):c.641A>T(p.Gln214Leu),,,,,,,,,,,,,,,,,,,,,,,,
chr10,94947939,rs370100007,G,T,.,PASS,PX=CYP2C9,GT,0/0,,NM_000771.4(CYP2C9):c.642G>T(p.Gln214His),,,,,,,,,,,,,,,,,,,,,,,,
chr10,94949129,.,A,G,.,PASS,PX=CYP2C9,GT,0/0,,,,,,,,,,,,,,,,,,,,,,,,,,
chr10,94949144,.,C,T,.,PASS,PX=CYP2C9,GT,0/0,,,,,,,,,,,,,,,,,,,,,,,,,,
chr10,94949145,rs772782449,C,T,.,PASS,PX=CYP2C9,GT,0/0,,NM_000771.4(CYP2C9):c.680C>T(p.Pro227Leu),,,,,,,,,,,,,,,,,,,,,,,,
chr10,94949161,.,AT,A,.,PASS,PX=CYP2C9,GT,0/0,,,,,,,,,,,,,,,,,,,,,,,,,,
chr10,94949280,rs9332130,A,G,.,PASS,PX=CYP2C9,GT,0/0,,NM_000771.4(CYP2C9):c.815A>G(p.Glu272Gly),,,,,,,,,,,,,,,,,,,,,,,,
chr10,94949281,rs9332131,GA,G,.,PASS,PX=CYP2C9,GT,0/0,,,,,,,,,,,,,,,,,,,,,,,,,,
chr10,94972119,rs182132442,C,A,.,PASS,PX=CYP2C9,GT,0/0,,NM_000771.4(CYP2C9):c.835C>A(p.Pro279Thr),,,,,,,,,,,,,,,,,,,,,,,,
chr10,94972123,.,C,G,.,PASS,PX=CYP2C9,GT,0/0,,,,,,,,,,,,,,,,,,,,,,,,,,
chr10,94972134,.,A,G,.,PASS,PX=CYP2C9,GT,0/0,,,,,,,,,,,,,,,,,,,,,,,,,,
chr10,94972179,rs72558192,A,G,.,PASS,PX=CYP2C9,GT,0/0,,NM_000771.4(CYP2C9):c.895A>G(p.Thr299Ala),,,,,,,,,,,,,,,,,,,,,,,,
chr10,94972180,rs988617574,C,G,.,PASS,PX=CYP2C9,GT,0/0,,NM_000771.4(CYP2C9):c.896C>G(p.Thr299Arg),,,,,,,,,,,,,,,,,,,,,,,,
chr10,94972233,rs1237225311,C,T,.,PASS,PX=CYP2C9,GT,0/0,,NM_000771.4(CYP2C9):c.949C>T(p.Pro317Ser),,,,,,,,,,,,,,,,,,,,,,,,
chr10,94981199,.,G,T,.,PASS,PX=CYP2C9,GT,0/0,,,,,,,,,,,,,,,,,,,,,,,,,,
chr10,94981201,rs57505750,T,C,.,PASS,PX=CYP2C9,GT,0/0,,NM_000771.4(CYP2C9):c.980T>C(p.Ile327Thr),,,,,,,,,,,,,,,,,,,,,,,,
chr10,94981225,rs367826293,G,A,.,PASS,PX=CYP2C9,GT,0/0,,NM_000771.4(CYP2C9):c.1004G>A(p.Arg335Gln),,,,,,,,,,,,,,,,,,,,,,,,
chr10,94981230,rs1274535931,C,A,.,PASS,PX=CYP2C9,GT,0/0,,NM_000771.4(CYP2C9):c.1009C>A(p.Pro337Thr),,,,,,,,,,,,,,,,,,,,,,,,
chr10,94981250,rs750820937,C,A,.,PASS,PX=CYP2C9,GT,0/0,,NM_000771.4(CYP2C9):c.1029C>A(p.Ser343Arg),,,,,,,,,,,,,,,,,,,,,,,,
chr10,94981258,rs1297714792,C,T,.,PASS,PX=CYP2C9,GT,0/0,,NM_000771.4(CYP2C9):c.1037C>T(p.Pro346Leu),,,,,,,,,,,,,,,,,,,,,,,,
chr10,94981281,rs749060448,G,A,.,PASS,PX=CYP2C9,GT,0/0,,NM_000771.4(CYP2C9):c.1060G>A(p.Glu354Lys),,,,,,,,,,,,,,,,,,,,,,,,
chr10,94981297,rs56165452,T,C,.,PASS,PX=CYP2C9,GT,0/0,,NM_000771.4(CYP2C9):c.1076T>C(p.Ile359Thr),,,,,,,,,,,,,,,,,,,,,,,,
chr10,94981302,rs1250577724,C,A,.,PASS,PX=CYP2C9,GT,0/0,,NM_000771.4(CYP2C9):c.1081C>A(p.Leu361Ile),,,,,,,,,,,,,,,,,,,,,,,,
chr10,94981305,rs578144976,C,G,.,PASS,PX=CYP2C9,GT,0/0,,NM_000771.4(CYP2C9):c.1084C>G(p.Leu362Val),,,,,,,,,,,,,,,,,,,,,,,,
chr10,94981365,.,C,T,.,PASS,PX=CYP2C9,GT,0/0,,,,,,,,,,,,,,,,,,,,,,,,,,
chr10,94981371,rs542577750,G,A,.,PASS,PX=CYP2C9,GT,0/0,,,,,,,,,,,,,,,,,,,,,,,,,,
chr10,94986042,rs764211126,A,G,.,PASS,PX=CYP2C9,GT,0/0,,NM_000771.4(CYP2C9):c.1159A>G(p.Ile387Val),,,,,,,,,,,,,,,,,,,,,,,,
chr10,94986073,rs72558193,A,C,.,PASS,PX=CYP2C9,GT,0/0,,NM_000771.4(CYP2C9):c.1190A>C(p.Asp397Ala),,,,,,,,,,,,,,,,,,,,,,,,
chr10,94986136,rs1254213342,A,C,.,PASS,PX=CYP2C9,GT,0/0,,NM_000771.4(CYP2C9):c.1253A>C(p.Asn418Thr),,,,,,,,,,,,,,,,,,,,,,,,
chr10,94986174,rs1441296358,G,C,.,PASS,PX=CYP2C9,GT,0/0,,NM_000771.4(CYP2C9):c.1291G>C(p.Gly431Arg),,,,,,,,,,,,,,,,,,,,,,,,
chr10,94988852,rs776908257,C,T,.,PASS,PX=CYP2C9,GT,0/0,,NM_000771.4(CYP2C9):c.1297C>T(p.Arg433Trp),,,,,,,,,,,,,,,,,,,,,,,,
chr10,94988855,.,A,T,.,PASS,PX=CYP2C9,GT,0/0,,,,,,,,,,,,,,,,,,,,,,,,,,
chr10,94988880,.,G,T,.,PASS,PX=CYP2C9,GT,0/0,,,,,,,,,,,,,,,,,,,,,,,,,,
chr10,94988917,rs769942899,G,C,.,PASS,PX=CYP2C9,GT,0/0,,NM_000771.4(CYP2C9):c.1362G>C(p.Gln454His),,,,,,,,,,,,,,,,,,,,,,,,
chr10,94988925,rs202201137,A,G,.,PASS,PX=CYP2C9,GT,0/0,,NM_000771.4(CYP2C9):c.1370A>G(p.Asn457Ser),,,,,,,,,,,,,,,,,,,,,,,,
chr10,94988955,rs767284820,T,C,.,PASS,PX=CYP2C9,GT,0/0,,NM_000771.4(CYP2C9):c.1400T>C(p.Leu467Pro),,,,,,,,,,,,,,,,,,,,,,,,
chr10,94988984,rs781583846,G,A,.,PASS,PX=CYP2C9,GT,0/0,,NM_000771.4(CYP2C9):c.1429G>A(p.Ala477Thr),,,,,,,,,,,,,,,,,,,,,,,,
chr10,94989020,rs9332239,C,T,.,PASS,PX=CYP2C9,GT,0/0,,NM_000771.4(CYP2C9):c.1465C>T(p.Pro489Ser),,,,,,,,,,,,,,,,,,,,,,,,
chr10,94989023,rs868182778,G,T,.,PASS,PX=CYP2C9,GT,0/0,,NM_000771.4(CYP2C9):c.1468G>T(p.Val490Phe),,,,,,,,,,,,,,,,,,,,,,,,
chr12,21172776,rs373327528,G,A,.,PASS,PX=SLCO1B1,GT,0/0,,NM_006446.5(SLCO1B1):c.211G>A(p.Gly71Arg),,,,,,,,,,,,,,,,,,,,,,,,
chr12,21172782,rs56101265,T,C,.,PASS,PX=SLCO1B1,GT,0/0,,NM_006446.5(SLCO1B1):c.217T>C(p.Phe73Leu),,,,,,,,,,,,,,,,,,,,,,,,
chr12,21174595,rs56061388,T,C,.,PASS,PX=SLCO1B1,GT,0/0,,NM_006446.5(SLCO1B1):c.245T>C(p.Val82Ala),,,,,,,,,,,,,,,,,,,,,,,,
chr12,21176883,rs72559745,A,G,.,PASS,PX=SLCO1B1,GT,0/0,,NM_006446.5(SLCO1B1):c.467A>G(p.Glu156Gly),,,,,,,,,,,,,,,,,,,,,,,,
chr12,21178612,rs141467543,A,G,.,PASS,PX=SLCO1B1,GT,0/0,,NM_006446.5(SLCO1B1):c.518A>G(p.Tyr173Cys),,,,,,,,,,,,,,,,,,,,,,,,
chr12,21200595,rs55901008,T,C,.,PASS,PX=SLCO1B1,GT,0/0,,NM_006446.5(SLCO1B1):c.1058T>C(p.Ile353Thr),,,,,,,,,,,,,,,,,,,,,,,,
chr12,21202553,rs1228465562,T,G,.,PASS,PX=SLCO1B1,GT,0/0,,NM_006446.5(SLCO1B1):c.1198T>G(p.Phe400Val),,,,,,,,,,,,,,,,,,,,,,,,
chr12,21202649,rs56387224,A,G,.,PASS,PX=SLCO1B1,GT,0/0,,NM_006446.5(SLCO1B1):c.1294A>G(p.Asn432Asp),,,,,,,,,,,,,,,,,,,,,,,,
chr12,21205921,rs72559748,A,G,.,PASS,PX=SLCO1B1,GT,0/0,,NM_006446.5(SLCO1B1):c.1385A>G(p.Asp462Gly),,,,,,,,,,,,,,,,,,,,,,,,
chr12,21239077,rs56199088,A,G,.,PASS,PX=SLCO1B1,GT,0/0,,NM_006446.5(SLCO1B1):c.1964A>G(p.Asp655Gly),,,,,,,,,,,,,,,,,,,,,,,,
chr12,21239113,rs55737008,A,G,.,PASS,PX=SLCO1B1,GT,0/0,,NM_006446.5(SLCO1B1):c.2000A>G(p.Glu667Gly),,,,,,,,,,,,,,,,,,,,,,,,
chr12,21239158,rs140790673,C,T,.,PASS,PX=SLCO1B1,GT,0/0,,NM_006446.5(SLCO1B1):c.2045C>T(p.Ser682Phe),,,,,,,,,,,,,,,,,,,,,,,,
chr13,48037748,rs769369441,T,C,.,PASS,PX=NUDT15,GT,0/0,,NM_018283.4(NUDT15):c.2T>C(p.Met1Thr),,,,,,,,,,,,,,,,,,,,,,,,
chr13,48037749,.,G,C,.,PASS,PX=NUDT15,GT,0/0,,,,,,,,,,,,,,,,,,,,,,,,,,
chr13,48037825,rs777311140,C,CGCGG,.,PASS,PX=NUDT15,GT,0/0,,,,,,,,,,,,,,,,,,,,,,,,,,
chr13,48037834,rs1202487323,C,T,.,PASS,PX=NUDT15,GT,0/0,,NM_018283.4(NUDT15):c.88C>T(p.Leu30Phe),,,,,,,,,,,,,,,,,,,,,,,,
chr13,48037847,rs766023281,G,C,.,PASS,PX=NUDT15,GT,0/0,,NM_018283.4(NUDT15):c.101G>C(p.Arg34Thr),,,,,,,,,,,,,,,,,,,,,,,,
chr13,48037849,.,A,G,.,PASS,PX=NUDT15,GT,0/0,,,,,,,,,,,,,,,,,,,,,,,,,,
chr13,48037885,rs1950545307,G,A,.,PASS,PX=NUDT15,GT,0/0,,NM_018283.4(NUDT15):c.139G>A(p.Gly47Arg),,,,,,,,,,,,,,,,,,,,,,,,
chr13,48037902,rs149436418,C,G,.,PASS,PX=NUDT15,GT,0/0,,NM_018283.4(NUDT15):c.156C>G(p.Phe52Leu),,,,,,,,,,,,,,,,,,,,,,,,
chr13,48040977,rs1457579126,GA,G,.,PASS,PX=NUDT15,GT,0/0,,,,,,,,,,,,,,,,,,,,,,,,,,
chr13,48041103,rs761191455,T,TG,.,PASS,PX=NUDT15,GT,0/0,,,,,,,,,,,,,,,,,,,,,,,,,,
chr13,48041113,rs1368252918,G,T,.,PASS,PX=NUDT15,GT,0/0,,NM_018283.4(NUDT15):c.352G>T(p.Glu118Ter),,,,,,,,,,,,,,,,,,,,,,,,
chr13,48045690,rs768324690,C,G,.,PASS,PX=NUDT15,GT,0/0,,NM_018283.4(NUDT15):c.386C>G(p.Pro129Arg),,,,,,,,,,,,,,,,,,,,,,,,
chr13,48045771,rs139551410,T,A,.,PASS,PX=NUDT15,GT,0/0,,NM_018283.4(NUDT15):c.467T>A(p.Leu156Gln),,,,,,,,,,,,,,,,,,,,,,,,
chr16,31096368,rs9923231,C,T,.,PASS,PX=VKORC1,GT,0/0,,,,,,,,,,,,,,,,,,,,,,,,,,
chr19,15879412,rs138971789,C,T,.,PASS,PX=CYP4F2,GT,0/0,,NM_001082.5(CYP4F2):c.1331G>A(p.Arg444His),,,,,,,,,,,,,,,,,,,,,,,,
chr19,15895527,rs114396708,G,A,.,PASS,PX=CYP4F2,GT,0/0,,NM_001082.5(CYP4F2):c.322C>T(p.Arg108Trp),,,,,,,,,,,,,,,,,,,,,,,,
chr19,15895560,rs144455532,G,T,.,PASS,PX=CYP4F2,GT,0/0,,NM_001082.5(CYP4F2):c.289C>A(p.Pro97Thr),,,,,,,,,,,,,,,,,,,,,,,,
chr19,15897466,rs201380574,C,T,.,PASS,PX=CYP4F2,GT,0/0,,NM_001082.5(CYP4F2):c.146G>A(p.Arg49Gln),,,,,,,,,,,,,,,,,,,,,,,,
chr19,15897473,rs115517770,G,A,.,PASS,PX=CYP4F2,GT,0/0,,NM_001082.5(CYP4F2):c.139C>T(p.Arg47Cys),,,,,,,,,,,,,,,,,,,,,,,,
chr19,15897578,rs3093105,A,C,.,PASS,PX=CYP4F2,GT,0/0,,NM_001082.5(CYP4F2):c.34T>G(p.Trp12Gly),,,,,,,,,,,,,,,,,,,,,,,,
chr19,38448680,.,T,TGGA,.,PASS,PX=RYR1,GT,0/0,,,,,,,,,,,,,,,,,,,,,,,,,,
chr19,38499644,rs121918596,TGGA,T,.,PASS,PX=RYR1,GT,0/0,,,,,,,,,,,,,,,,,,,,,,,,,,
chr19,39248147,rs12979860,C,T,.,PASS,PX=IFNL3,GT,0/0,,,,,,,,,,,,,,,,,,,,,,,,,,
chr19,40991224,rs34223104,T,C,.,PASS,PX=CYP2B6,GT,0/0,,,,,,,,,,,,,,,,,,,,,,,,,,
chr19,40991369,rs8192709,C,T,.,PASS,PX=CYP2B6,GT,0/0,,NM_000767.5(CYP2B6):c.64C>T(p.Arg22Cys),,,,,,,,,,,,,,,,,,,,,,,,
chr19,40991381,rs33973337,A,T,.,PASS,PX=CYP2B6,GT,0/0,,NM_000767.5(CYP2B6):c.76A>T(p.Thr26Ser),,,,,,,,,,,,,,,,,,,,,,,,
chr19,40991388,rs33980385,A,G,.,PASS,PX=CYP2B6,GT,0/0,,NM_000767.5(CYP2B6):c.83A>G(p.Asp28Gly),,,,,,,,,,,,,,,,,,,,,,,,
chr19,40991390,rs33926104,C,A,.,PASS,PX=CYP2B6,GT,0/0,,NM_000767.5(CYP2B6):c.85C>A(p.Arg29Ser),,,,,,,,,,,,,,,,,,,,,,,,
chr19,40991391,rs34284776,G,C,.,PASS,PX=CYP2B6,GT,0/0,,NM_000767.5(CYP2B6):c.86G>C(p.Arg29Pro),,,,,,,,,,,,,,,,,,,,,,,,
chr19,40991441,rs35303484,A,G,.,PASS,PX=CYP2B6,GT,0/0,,NM_000767.5(CYP2B6):c.136A>G(p.Met46Val),,,,,,,,,,,,,,,,,,,,,,,,
chr19,41004125,rs36060847,G,A,.,PASS,PX=CYP2B6,GT,0/0,,NM_000767.5(CYP2B6):c.296G>A(p.Gly99Glu),,,,,,,,,,,,,,,,,,,,,,,,
chr19,41004380,rs535039125,C,T,.,PASS,PX=CYP2B6,GT,0/0,,NM_000767.5(CYP2B6):c.418C>T(p.Arg140Trp),,,,,,,,,,,,,,,,,,,,,,,,
chr19,41004406,rs145884402,G,T,.,PASS,PX=CYP2B6,GT,0/0,,NM_000767.5(CYP2B6):c.444G>T(p.Glu148Asp),,,,,,,,,,,,,,,,,,,,,,,,
chr19,41006919,rs3826711,C,G,.,PASS,PX=CYP2B6,GT,0/0,,NM_000767.5(CYP2B6):c.499C>G(p.Pro167Ala),,,,,,,,,,,,,,,,,,,,,,,,
chr19,41006923,rs36056539,C,T,.,PASS,PX=CYP2B6,GT,0/0,,NM_000767.5(CYP2B6):c.503C>T(p.Thr168Ile),,,,,,,,,,,,,,,,,,,,,,,,
chr19,41006967,rs58871670,G,A,.,PASS,PX=CYP2B6,GT,0/0,,NM_000767.5(CYP2B6):c.547G>A(p.Val183Ile),,,,,,,,,,,,,,,,,,,,,,,,
chr19,41009313,.,A,C,.,PASS,PX=CYP2B6,GT,0/0,,,,,,,,,,,,,,,,,,,,,,,,,,
chr19,41010006,rs139029625,G,C,.,PASS,PX=CYP2B6,GT,0/0,,NM_000767.5(CYP2B6):c.835G>C(p.Ala279Pro),,,,,,,,,,,,,,,,,,,,,,,,
chr19,41010088,rs34698757,C,G,.,PASS,PX=CYP2B6,GT,0/0,,NM_000767.5(CYP2B6):c.917C>G(p.Thr306Ser),,,,,,,,,,,,,,,,,,,,,,,,
chr19,41010108,rs193922917,C,A,.,PASS,PX=CYP2B6,GT,0/0,,NM_000767.5(CYP2B6):c.937C>A(p.Leu313Ile),,,,,,,,,,,,,,,,,,,,,,,,
chr19,41012339,rs34826503,C,T,.,PASS,PX=CYP2B6,GT,0/0,,NM_000767.5(CYP2B6):c.1006C>T(p.Arg336Cys),,,,,,,,,,,,,,,,,,,,,,,,
chr19,41012393,rs754621576,T,C,.,PASS,PX=CYP2B6,GT,0/0,,NM_000767.5(CYP2B6):c.1060T>C(p.Tyr354His),,,,,,,,,,,,,,,,,,,,,,,,
chr19,41012394,rs780991919,A,G,.,PASS,PX=CYP2B6,GT,0/0,,NM_000767.5(CYP2B6):c.1061A>G(p.Tyr354Cys),,,,,,,,,,,,,,,,,,,,,,,,
chr19,41012471,rs201500445,T,C,.,PASS,PX=CYP2B6,GT,0/0,,NM_000767.5(CYP2B6):c.1138T>C(p.Tyr380His),,,,,,,,,,,,,,,,,,,,,,,,
chr19,41012478,rs200238771,T,A,.,PASS,PX=CYP2B6,GT,0/0,,NM_000767.5(CYP2B6):c.1145T>A(p.Ile382Asn),,,,,,,,,,,,,,,,,,,,,,,,
chr19,41012693,rs35979566,T,A,.,PASS,PX=CYP2B6,GT,0/0,,NM_000767.5(CYP2B6):c.1172T>A(p.Ile391Asn),,,,,,,,,,,,,,,,,,,,,,,,
chr19,41012740,rs193922918,G,A,.,PASS,PX=CYP2B6,GT,0/0,,NM_000767.5(CYP2B6):c.1219G>A(p.Ala407Thr),,,,,,,,,,,,,,,,,,,,,,,,
chr19,41012803,rs35010098,C,A,.,PASS,PX=CYP2B6,GT,0/0,,NM_000767.5(CYP2B6):c.1282C>A(p.Pro428Thr),,,,,,,,,,,,,,,,,,,,,,,,
chr19,41016652,rs764288403,G,A,.,PASS,PX=CYP2B6,GT,0/0,,NM_000767.5(CYP2B6):c.1301G>A(p.Arg434Gln),,,,,,,,,,,,,,,,,,,,,,,,
chr19,41016679,rs374099483,G,A,.,PASS,PX=CYP2B6,GT,0/0,,NM_000767.5(CYP2B6):c.1328G>A(p.Arg443His),,,,,,,,,,,,,,,,,,,,,,,,
chr19,41016726,rs3211369,A,G,.,PASS,PX=CYP2B6,GT,0/0,,NM_000767.5(CYP2B6):c.1375A>G(p.Met459Val),,,,,,,,,,,,,,,,,,,,,,,,
chr19,41016741,rs117872433,G,A,.,PASS,PX=CYP2B6,GT,0/0,,NM_000767.5(CYP2B6):c.1390G>A(p.Ala464Thr),,,,,,,,,,,,,,,,,,,,,,,,
chr19,41016778,rs564083989,G,A,.,PASS,PX=CYP2B6,GT,0/0,,NM_000767.5(CYP2B6):c.1427G>A(p.Gly476Asp),,,,,,,,,,,,,,,,,,,,,,,,
chr19,41016805,.,A,T,.,PASS,PX=CYP2B6,GT,0/0,,,,,,,,,,,,,,,,,,,,,,,,,,
chr19,41016810,rs3211371,C,"A,T",.,PASS,PX=CYP2B6,GT,0/0,,,,,,,,,,,,,,,,,,,,,,,,,,
chr22,42126578,rs1440526469,C,T,.,PASS,PX=CYP2D6,GT,0/0,,NM_000106.6(CYP2D6):c.1490G>A(p.Arg497His),,,,,,,,,,,,,,,,,,,,,,,,
chr22,42126605,rs568495591,G,A,.,PASS,PX=CYP2D6,GT,0/0,,NM_000106.6(CYP2D6):c.1463C>T(p.Ser488Phe),,,,,,,,,,,,,,,,,,,,,,,,
chr22,42126619,rs28371736,G,A,.,PASS,PX=CYP2D6,GT,0/0,,NM_000106.6(CYP2D6):c.1449C>T(p.Phe483=),,,,,,,,,,,,,,,,,,,,,,,,
chr22,42126622,rs747998333,A,G,.,PASS,PX=CYP2D6,GT,0/0,,NM_000106.6(CYP2D6):c.1446T>C(p.Ala482=),,,,,,,,,,,,,,,,,,,,,,,,
chr22,42126623,rs75467367,G,C,.,PASS,PX=CYP2D6,GT,0/0,,NM_000106.6(CYP2D6):c.1445C>G(p.Ala482Gly),,,,,,,,,,,,,,,,,,,,,,,,
chr22,42126624,rs74478221,C,T,.,PASS,PX=CYP2D6,GT,0/0,,NM_000106.6(CYP2D6):c.1444G>A(p.Ala482Thr),,,,,,,,,,,,,,,,,,,,,,,,
chr22,42126625,.,A,G,.,PASS,PX=CYP2D6,GT,0/0,,,,,,,,,,,,,,,,,,,,,,,,,,
chr22,42126633,.,C,G,.,PASS,PX=CYP2D6,GT,0/0,,,,,,,,,,,,,,,,,,,,,,,,,,
chr22,42126634,.,A,C,.,PASS,PX=CYP2D6,GT,0/0,,,,,,,,,,,,,,,,,,,,,,,,,,
chr22,42126635,rs766507177,T,G,.,PASS,PX=CYP2D6,GT,0/0,,NM_000106.6(CYP2D6):c.1433A>C(p.His478Pro),,,,,,,,,,,,,,,,,,,,,,,,
chr22,42126636,rs28371735,G,A,.,PASS,PX=CYP2D6,GT,0/0,,NM_000106.6(CYP2D6):c.1432C>T(p.His478Tyr),,,,,,,,,,,,,,,,,,,,,,,,
chr22,42126647,rs141756339,C,T,.,PASS,PX=CYP2D6,GT,0/0,,NM_000106.6(CYP2D6):c.1421G>A(p.Arg474Gln),,,,,,,,,,,,,,,,,,,,,,,,
chr22,42126656,rs765776661,C,CCAGTGGGCA,.,PASS,PX=CYP2D6,GT,0/0,,,,,,,,,,,,,,,,,,,,,,,,,,
chr22,42126658,rs1135836,A,G,.,PASS,PX=CYP2D6,GT,0/0,,NM_000106.6(CYP2D6):c.1410T>C(p.Thr470=),,,,,,,,,,,,,,,,,,,,,,,,
chr22,42126660,rs1135835,T,C,.,PASS,PX=CYP2D6,GT,0/0,,NM_000106.6(CYP2D6):c.1408A>G(p.Thr470Ala),,,,,,,,,,,,,,,,,,,,,,,,
chr22,42126663,rs1135833,G,C,.,PASS,PX=CYP2D6,GT,0/0,,NM_000106.6(CYP2D6):c.1405C>G(p.Pro469Ala),,,,,,,,,,,,,,,,,,,,,,,,
chr22,42126681,.,G,C,.,PASS,PX=CYP2D6,GT,0/0,,,,,,,,,,,,,,,,,,,,,,,,,,
chr22,42126697,.,G,T,.,PASS,PX=CYP2D6,GT,0/0,,,,,,,,,,,,,,,,,,,,,,,,,,
chr22,42126715,rs760940331,C,T,.,PASS,PX=CYP2D6,GT,0/0,,NM_000106.6(CYP2D6):c.1353G>A(p.Met451Ile),,,,,,,,,,,,,,,,,,,,,,,,
chr22,42126719,rs369177208,C,T,.,PASS,PX=CYP2D6,GT,0/0,,NM_000106.6(CYP2D6):c.1349G>A(p.Arg450His),,,,,,,,,,,,,,,,,,,,,,,,
chr22,42126735,rs751092905,C,T,.,PASS,PX=CYP2D6,GT,0/0,,NM_000106.6(CYP2D6):c.1333G>A(p.Gly445Arg),,,,,,,,,,,,,,,,,,,,,,,,
chr22,42126746,rs532668079,C,T,.,PASS,PX=CYP2D6,GT,0/0,,NM_000106.6(CYP2D6):c.1322G>A(p.Arg441His),,,,,,,,,,,,,,,,,,,,,,,,
chr22,42126752,rs569439709,C,T,.,PASS,PX=CYP2D6,GT,0/0,,NM_000106.6(CYP2D6):c.1316G>A(p.Gly439Asp),,,,,,,,,,,,,,,,,,,,,,,,
chr22,42126877,rs3021084,G,A,.,PASS,PX=CYP2D6,GT,0/0,,NM_000106.6(CYP2D6):c.1289C>T(p.Pro430Leu),,,,,,,,,,,,,,,,,,,,,,,,
chr22,42126896,rs763964554,G,A,.,PASS,PX=CYP2D6,GT,0/0,,NM_000106.6(CYP2D6):c.1270C>T(p.Gln424Ter),,,,,,,,,,,,,,,,,,,,,,,,
chr22,42126914,rs28371733,C,T,.,PASS,PX=CYP2D6,GT,0/0,,NM_000106.6(CYP2D6):c.1252G>A(p.Glu418Lys),,,,,,,,,,,,,,,,,,,,,,,,
chr22,42126926,rs747089665,G,A,.,PASS,PX=CYP2D6,GT,0/0,,NM_000106.6(CYP2D6):c.1240C>T(p.Arg414Cys),,,,,,,,,,,,,,,,,,,,,,,,
chr22,42126938,rs769157652,C,T,.,PASS,PX=CYP2D6,GT,0/0,,NM_000106.6(CYP2D6):c.1228G>A(p.Glu410Lys),,,,,,,,,,,,,,,,,,,,,,,,
chr22,42126956,rs1931013246,T,G,.,PASS,PX=CYP2D6,GT,0/0,,NM_000106.6(CYP2D6):c.1210A>C(p.Lys404Gln),,,,,,,,,,,,,,,,,,,,,,,,
chr22,42126962,rs1602566413,C,G,.,PASS,PX=CYP2D6,GT,0/0,,NM_000106.6(CYP2D6):c.1204G>C(p.Val402Leu),,,,,,,,,,,,,,,,,,,,,,,,
chr22,42126980,rs757396767,TGA,T,.,PASS,PX=CYP2D6,GT,0/0,,,,,,,,,,,,,,,,,,,,,,,,,,
chr22,42127457,rs77312092,C,T,.,PASS,PX=CYP2D6,GT,0/0,,NM_000106.6(CYP2D6):c.1163G>A(p.Arg388His),,,,,,,,,,,,,,,,,,,,,,,,
chr22,42127473,rs75386357,C,T,.,PASS,PX=CYP2D6,GT,0/0,,NM_000106.6(CYP2D6):c.1147G>A(p.Glu383Lys),,,,,,,,,,,,,,,,,,,,,,,,
chr22,42127512,rs61745683,C,T,.,PASS,PX=CYP2D6,GT,0/0,,NM_000106.6(CYP2D6):c.1108G>A(p.Val370Ile),,,,,,,,,,,,,,,,,,,,,,,,
chr22,42127514,.,A,G,.,PASS,PX=CYP2D6,GT,0/0,,,,,,,,,,,,,,,,,,,,,,,,,,
chr22,42127523,rs1555888910,A,G,.,PASS,PX=CYP2D6,GT,0/0,,NM_000106.6(CYP2D6):c.1097T>C(p.Phe366Ser),,,,,,,,,,,,,,,,,,,,,,,,
chr22,42127589,rs76088846,C,T,.,PASS,PX=CYP2D6,GT,0/0,,NM_000106.6(CYP2D6):c.1031G>A(p.Arg344Gln),,,,,,,,,,,,,,,,,,,,,,,,
chr22,42127590,rs72549347,G,A,.,PASS,PX=CYP2D6,GT,0/0,,NM_000106.6(CYP2D6):c.1030C>T(p.Arg344Ter),,,,,,,,,,,,,,,,,,,,,,,,
chr22,42127593,rs267608295,G,C,.,PASS,PX=CYP2D6,GT,0/0,,NM_000106.6(CYP2D6):c.1027C>G(p.Arg343Gly),,,,,,,,,,,,,,,,,,,,,,,,
chr22,42127602,.,C,T,.,PASS,PX=CYP2D6,GT,0/0,,,,,,,,,,,,,,,,,,,,,,,,,,
chr22,42127605,rs141824015,T,G,.,PASS,PX=CYP2D6,GT,0/0,,NM_000106.6(CYP2D6):c.1015A>C(p.Ile339Leu),,,,,,,,,,,,,,,,,,,,,,,,
chr22,42127610,rs748712690,T,C,.,PASS,PX=CYP2D6,GT,0/0,,NM_000106.6(CYP2D6):c.1010A>G(p.Asp337Gly),,,,,,,,,,,,,,,,,,,,,,,,
chr22,42127619,rs72549348,T,G,.,PASS,PX=CYP2D6,GT,0/0,,NM_000106.6(CYP2D6):c.1001A>C(p.Glu334Ala),,,,,,,,,,,,,,,,,,,,,,,,
chr22,42127631,rs141009491,C,G,.,PASS,PX=CYP2D6,GT,0/0,,NM_000106.6(CYP2D6):c.989G>C(p.Arg330Pro),,,,,,,,,,,,,,,,,,,,,,,,
chr22,42127634,rs3915951,C,A,.,PASS,PX=CYP2D6,GT,0/0,,NM_000106.6(CYP2D6):c.986G>T(p.Arg329Leu),,,,,,,,,,,,,,,,,,,,,,,,
chr22,42127841,rs72549349,C,G,.,PASS,PX=CYP2D6,GT,0/0,,,,,,,,,,,,,,,,,,,,,,,,,,
chr22,42127845,rs730882170,GCACATCCGGATGTAGGATC,G,.,PASS,PX=CYP2D6,GT,0/0,,,,,,,,,,,,,,,,,,,,,,,,,,
chr22,42127899,.,T,C,.,PASS,PX=CYP2D6,GT,0/0,,,,,,,,,,,,,,,,,,,,,,,,,,
chr22,42127922,rs1406719554,A,G,.,PASS,PX=CYP2D6,GT,0/0,,NM_000106.6(CYP2D6):c.905T>C(p.Leu302Pro),,,,,,,,,,,,,,,,,,,,,,,,
chr22,42127938,rs949717872,T,G,.,PASS,PX=CYP2D6,GT,0/0,,NM_000106.6(CYP2D6):c.889A>C(p.Ile297Leu),,,,,,,,,,,,,,,,,,,,,,,,
chr22,42127962,rs267608279,TG,T,.,PASS,PX=CYP2D6,GT,0/0,,,,,,,,,,,,,,,,,,,,,,,,,,
chr22,42127973,rs1135829,T,C,.,PASS,PX=CYP2D6,GT,0/0,,NM_000106.6(CYP2D6):c.854A>G(p.Asn285Ser),,,,,,,,,,,,,,,,,,,,,,,,
chr22,42128173,rs5030656,CCTT,C,.,PASS,PX=CYP2D6,GT,0/0,,,,,,,,,,,,,,,,,,,,,,,,,,
chr22,42128198,rs72549351,CTCAG,C,.,PASS,PX=CYP2D6,GT,0/0,,,,,,,,,,,,,,,,,,,,,,,,,,
chr22,42128200,rs368858603,C,CA,.,PASS,PX=CYP2D6,GT,0/0,,,,,,,,,,,,,,,,,,,,,,,,,,
chr22,42128211,rs72549352,C,CG,.,PASS,PX=CYP2D6,GT,0/0,,,,,,,,,,,,,,,,,,,,,,,,,,
chr22,42128212,rs367543000,G,A,.,PASS,PX=CYP2D6,GT,0/0,,NM_000106.6(CYP2D6):c.805C>T(p.Arg269Ter),,,,,,,,,,,,,,,,,,,,,,,,
chr22,42128217,rs148769737,G,T,.,PASS,PX=CYP2D6,GT,0/0,,NM_000106.6(CYP2D6):c.800C>A(p.Pro267His),,,,,,,,,,,,,,,,,,,,,,,,
chr22,42128235,rs267608297,G,A,.,PASS,PX=CYP2D6,GT,0/0,,NM_000106.6(CYP2D6):c.782C>T(p.Thr261Ile),,,,,,,,,,,,,,,,,,,,,,,,
chr22,42128241,rs35742686,CT,C,.,PASS,PX=CYP2D6,GT,0/0,,,,,,,,,,,,,,,,,,,,,,,,,,
chr22,42128248,rs72549353,CAGTT,C,.,PASS,PX=CYP2D6,GT,0/0,,,,,,,,,,,,,,,,,,,,,,,,,,
chr22,42128272,.,T,G,.,PASS,PX=CYP2D6,GT,0/0,,,,,,,,,,,,,,,,,,,,,,,,,,
chr22,42128324,rs777691989,CAGG,C,.,PASS,PX=CYP2D6,GT,0/0,,,,,,,,,,,,,,,,,,,,,,,,,,
chr22,42128340,rs140900383,G,A,.,PASS,PX=CYP2D6,GT,0/0,,NM_000106.6(CYP2D6):c.677C>T(p.Ala226Val),,,,,,,,,,,,,,,,,,,,,,,,
chr22,42128351,rs377725912,C,T,.,PASS,PX=CYP2D6,GT,0/0,,,,,,,,,,,,,,,,,,,,,,,,,,
chr22,42128795,.,AG,A,.,PASS,PX=CYP2D6,GT,0/0,,,,,,,,,,,,,,,,,,,,,,,,,,
chr22,42128807,rs567606867,C,T,.,PASS,PX=CYP2D6,GT,0/0,,NM_000106.6(CYP2D6):c.643G>A(p.Glu215Lys),,,,,,,,,,,,,,,,,,,,,,,,
chr22,42128812,rs199535154,A,G,.,PASS,PX=CYP2D6,GT,0/0,,NM_000106.6(CYP2D6):c.638T>C(p.Leu213Pro),,,,,,,,,,,,,,,,,,,,,,,,
chr22,42128813,rs150163869,G,A,.,PASS,PX=CYP2D6,GT,0/0,,NM_000106.6(CYP2D6):c.637C>T(p.Leu213=),,,,,,,,,,,,,,,,,,,,,,,,
chr22,42128814,rs72549354,T,TC,.,PASS,PX=CYP2D6,GT,0/0,,,,,,,,,,,,,,,,,,,,,,,,,,
chr22,42128848,rs745365204,C,T,.,PASS,PX=CYP2D6,GT,0/0,,NM_000106.6(CYP2D6):c.602G>A(p.Arg201His),,,,,,,,,,,,,,,,,,,,,,,,
chr22,42128864,rs755518310,C,T,.,PASS,PX=CYP2D6,GT,0/0,,NM_000106.6(CYP2D6):c.586G>A(p.Glu196Lys),,,,,,,,,,,,,,,,,,,,,,,,
chr22,42128878,rs747884067,C,A,.,PASS,PX=CYP2D6,GT,0/0,,NM_000106.6(CYP2D6):c.572G>T(p.Cys191Phe),,,,,,,,,,,,,,,,,,,,,,,,
chr22,42128879,rs2146937045,A,G,.,PASS,PX=CYP2D6,GT,0/0,,NM_000106.6(CYP2D6):c.571T>C(p.Cys191Arg),,,,,,,,,,,,,,,,,,,,,,,,
chr22,42128903,.,T,TTA,.,PASS,PX=CYP2D6,GT,0/0,,,,,,,,,,,,,,,,,,,,,,,,,,
chr22,42128926,rs1459127426,T,C,.,PASS,PX=CYP2D6,GT,0/0,,NM_000106.6(CYP2D6):c.524A>G(p.Asn175Ser),,,,,,,,,,,,,,,,,,,,,,,,
chr22,42128927,rs72549356,T,"TGGGGCGAAA,TGGGGCGAAAGGGGCGAAA",.,PASS,PX=CYP2D6,GT,0/0,,,,,,,,,,,,,,,,,,,,,,,,,,
chr22,42128932,rs556882139,C,T,.,PASS,PX=CYP2D6,GT,0/0,,NM_000106.6(CYP2D6):c.518G>A(p.Arg173His),,,,,,,,,,,,,,,,,,,,,,,,
chr22,42129037,rs1135825,G,T,.,PASS,PX=CYP2D6,GT,0/0,,NM_000106.6(CYP2D6):c.501C>A(p.His167Gln),,,,,,,,,,,,,,,,,,,,,,,,
chr22,42129044,rs201006451,G,A,.,PASS,PX=CYP2D6,GT,0/0,,NM_000106.6(CYP2D6):c.494C>T(p.Ala165Val),,,,,,,,,,,,,,,,,,,,,,,,
chr22,42129056,.,C,G,.,PASS,PX=CYP2D6,GT,0/0,,,,,,,,,,,,,,,,,,,,,,,,,,
chr22,42129071,rs267608302,T,"A,G",.,PASS,PX=CYP2D6,GT,0/0,,,,,,,,,,,,,,,,,,,,,,,,,,
chr22,42129075,rs28371710,C,T,.,PASS,PX=CYP2D6,GT,0/0,,NM_000106.6(CYP2D6):c.463G>A(p.Glu155Lys),,,,,,,,,,,,,,,,,,,,,,,,
chr22,42129083,rs5030655,CA,C,.,PASS,PX=CYP2D6,GT,0/0,,,,,,,,,,,,,,,,,,,,,,,,,,
chr22,42129087,rs78482768,G,C,.,PASS,PX=CYP2D6,GT,0/0,,NM_000106.6(CYP2D6):c.451C>G(p.Gln151Glu),,,,,,,,,,,,,,,,,,,,,,,,
chr22,42129098,rs569229126,T,C,.,PASS,PX=CYP2D6,GT,0/0,,NM_000106.6(CYP2D6):c.440A>G(p.Lys147Arg),,,,,,,,,,,,,,,,,,,,,,,,
chr22,42129132,rs61736512,C,T,.,PASS,PX=CYP2D6,GT,0/0,,NM_000106.6(CYP2D6):c.406G>A(p.Val136Met),,,,,,,,,,,,,,,,,,,,,,,,
chr22,42129134,rs781457579,G,A,.,PASS,PX=CYP2D6,GT,0/0,,NM_000106.6(CYP2D6):c.404C>T(p.Ser135Phe),,,,,,,,,,,,,,,,,,,,,,,,
chr22,42129155,rs1180015037,C,T,.,PASS,PX=CYP2D6,GT,0/0,,NM_000106.6(CYP2D6):c.383G>A(p.Trp128Ter),,,,,,,,,,,,,,,,,,,,,,,,
chr22,42129156,rs376636053,A,G,.,PASS,PX=CYP2D6,GT,0/0,,NM_000106.6(CYP2D6):c.382T>C(p.Trp128Arg),,,,,,,,,,,,,,,,,,,,,,,,
chr22,42129166,rs766391487,A,C,.,PASS,PX=CYP2D6,GT,0/0,,NM_000106.6(CYP2D6):c.372T>G(p.Tyr124Ter),,,,,,,,,,,,,,,,,,,,,,,,
chr22,42129174,rs1135823,C,A,.,PASS,PX=CYP2D6,GT,0/0,,NM_000106.6(CYP2D6):c.364G>T(p.Ala122Ser),,,,,,,,,,,,,,,,,,,,,,,,
chr22,42129183,rs374616348,C,"A,T",.,PASS,PX=CYP2D6,GT,0/0,,,,,,,,,,,,,,,,,,,,,,,,,,
chr22,42129740,.,T,C,.,PASS,PX=CYP2D6,GT,0/0,,,,,,,,,,,,,,,,,,,,,,,,,,
chr22,42129753,rs563185985,C,G,.,PASS,PX=CYP2D6,GT,0/0,,NM_000106.6(CYP2D6):c.337G>C(p.Gly113Arg),,,,,,,,,,,,,,,,,,,,,,,,
chr22,42129759,rs535642512,C,T,.,PASS,PX=CYP2D6,GT,0/0,,NM_000106.6(CYP2D6):c.331G>A(p.Gly111Ser),,,,,,,,,,,,,,,,,,,,,,,,
chr22,42129765,rs78459009,T,C,.,PASS,PX=CYP2D6,GT,0/0,,NM_000106.6(CYP2D6):c.325A>G(p.Ile109Val),,,,,,,,,,,,,,,,,,,,,,,,
chr22,42129771,rs74802369,T,A,.,PASS,PX=CYP2D6,GT,0/0,,NM_000106.6(CYP2D6):c.319A>T(p.Thr107Ser),,,,,,,,,,,,,,,,,,,,,,,,
chr22,42129779,rs76187628,A,G,.,PASS,PX=CYP2D6,GT,0/0,,NM_000106.6(CYP2D6):c.311T>C(p.Val104Ala),,,,,,,,,,,,,,,,,,,,,,,,
chr22,42129780,rs267608308,C,T,.,PASS,PX=CYP2D6,GT,0/0,,NM_000106.6(CYP2D6):c.310G>A(p.Val104Met),,,,,,,,,,,,,,,,,,,,,,,,
chr22,42129799,rs76802407,G,C,.,PASS,PX=CYP2D6,GT,0/0,,NM_000106.6(CYP2D6):c.291C>G(p.Asp97Glu),,,,,,,,,,,,,,,,,,,,,,,,
chr22,42129821,rs267608309,G,A,.,PASS,PX=CYP2D6,GT,0/0,,NM_000106.6(CYP2D6):c.269C>T(p.Ala90Val),,,,,,,,,,,,,,,,,,,,,,,,
chr22,42129827,rs267608276,C,G,.,PASS,PX=CYP2D6,GT,0/0,,NM_000106.6(CYP2D6):c.263G>C(p.Arg88Pro),,,,,,,,,,,,,,,,,,,,,,,,
chr22,42129836,rs267608310,G,A,.,PASS,PX=CYP2D6,GT,0/0,,NM_000106.6(CYP2D6):c.254C>T(p.Ala85Val),,,,,,,,,,,,,,,,,,,,,,,,
chr22,42129887,rs1456026511,A,C,.,PASS,PX=CYP2D6,GT,0/0,,NM_000106.6(CYP2D6):c.203T>G(p.Val68Gly),,,,,,,,,,,,,,,,,,,,,,,,
chr22,42129899,rs1415188318,C,T,.,PASS,PX=CYP2D6,GT,0/0,,NM_000106.6(CYP2D6):c.191G>A(p.Arg64His),,,,,,,,,,,,,,,,,,,,,,,,
chr22,42130638,rs536109057,G,A,.,PASS,PX=CYP2D6,GT,0/0,,NM_000106.6(CYP2D6):c.154C>T(p.Gln52Ter),,,,,,,,,,,,,,,,,,,,,,,,
chr22,42130654,rs774671100,C,CA,.,PASS,PX=CYP2D6,GT,0/0,,,,,,,,,,,,,,,,,,,,,,,,,,
chr22,42130667,rs118203758,C,T,.,PASS,PX=CYP2D6,GT,0/0,,NM_000106.6(CYP2D6):c.125G>A(p.Gly42Glu),,,,,,,,,,,,,,,,,,,,,,,,
chr22,42130670,rs373243894,G,A,.,PASS,PX=CYP2D6,GT,0/0,,NM_000106.6(CYP2D6):c.122C>T(p.Pro41Leu),,,,,,,,,,,,,,,,,,,,,,,,
chr22,42130710,rs138100349,G,A,.,PASS,PX=CYP2D6,GT,0/0,,NM_000106.6(CYP2D6):c.82C>T(p.Arg28Cys),,,,,,,,,,,,,,,,,,,,,,,,
chr22,42130715,rs28371696,C,T,.,PASS,PX=CYP2D6,GT,0/0,,NM_000106.6(CYP2D6):c.77G>A(p.Arg26His),,,,,,,,,,,,,,,,,,,,,,,,
chr22,42130719,rs267608313,G,A,.,PASS,PX=CYP2D6,GT,0/0,,NM_000106.6(CYP2D6):c.73C>T(p.Arg25Trp),,,,,,,,,,,,,,,,,,,,,,,,
chr22,42130727,.,AG,A,.,PASS,PX=CYP2D6,GT,0/0,,,,,,,,,,,,,,,,,,,,,,,,,,
chr22,42130773,rs72549358,C,T,.,PASS,PX=CYP2D6,GT,0/0,,NM_000106.6(CYP2D6):c.19G>A(p.Val7Met),,,,,,,,,,,,,,,,,,,,,,,,
chr22,42130778,rs773790593,G,A,.,PASS,PX=CYP2D6,GT,0/0,,NM_000106.6(CYP2D6):c.14C>T(p.Ala5Val),,,,,,,,,,,,,,,,,,,,,,,,
chr22,42130782,rs1240247139,C,CT,.,PASS,PX=CYP2D6,GT,0/0,,,,,,,,,,,,,,,,,,,,,,,,,,
chrX,154532086,.,C,T,.,PASS,PX=G6PD,GT,0/0,,,,,,,,,,,,,,,,,,,,,,,,,,
chrX,154532231,.,T,G,.,PASS,PX=G6PD,GT,0/0,,,,,,,,,,,,,,,,,,,,,,,,,,
chrX,154532623,.,T,C,.,PASS,PX=G6PD,GT,0/0,,NM_001360016.2(G6PD):c.1231A>G(p.Met441Val),,,,,,,,,,,,,,,,,,,,,,,,
chrX,154532692,.,T,C,.,PASS,PX=G6PD,GT,0/0,,,,,,,,,,,,,,,,,,,,,,,,,,
chrX,154533016,.,G,T,.,PASS,PX=G6PD,GT,0/0,,NM_001360016.2(G6PD):c.977C>A(p.Pro356His),,,,,,,,,,,,,,,,,,,,,,,,
chrX,154533064,.,C,T,.,PASS,PX=G6PD,GT,0/0,,NM_001360016.2(G6PD):c.929G>A(p.Gly340Glu),,,,,,,,,,,,,,,,,,,,,,,,
chrX,154534074,.,TCAGTGC,T,.,PASS,PX=G6PD,GT,0/0,,,,,,,,,,,,,,,,,,,,,,,,,,
chrX,154534116,.,ATGT,A,.,PASS,PX=G6PD,GT,0/0,,,,,,,,,,,,,,,,,,,,,,,,,,
chrX,154534447,.,T,A,.,PASS,PX=G6PD,GT,0/0,,,,,,,,,,,,,,,,,,,,,,,,,,
chrX,154535367,.,GCTT,G,.,PASS,PX=G6PD,GT,0/0,,,,,,,,,,,,,,,,,,,,,,,,,,
chrX,154536021,.,CAGA,C,.,PASS,PX=G6PD,GT,0/0,,,,,,,,,,,,,,,,,,,,,,,,,,
chrX,154536045,.,C,G,.,PASS,PX=G6PD,GT,0/0,,,,,,,,,,,,,,,,,,,,,,,,,,
chrX,154546045,rs137852338,CATG,C,.,PASS,PX=G6PD,GT,0/0,,,,,,,,,,,,,,,,,,,,,,,,,,
chrX,154546046,.,A,G,.,PASS,PX=G6PD,GT,0/0,,,,,,,,,,,,,,,,,,,,,,,,,,
chrX,154546057,.,T,C,.,PASS,PX=G6PD,GT,0/0,,,,,,,,,,,,,,,,,,,,,,,,,,
chrX,154546116,.,C,T,.,PASS,PX=G6PD,GT,0/0,,NM_001360016.2(G6PD):c.40G>A(p.Gly44Arg),,,,,,,,,,,,,,,,,,,,,,,,
